period,id,name,order,level,unit,value
2026-Q2,RT_VALUE_PE,  ‣ P/E Ratio,2,2,lần,17.457944376
2026-Q2,RT_VALUE_PB,  ‣ P/B Ratio,3,2,lần,1.2351559547
2026-Q2,RT_VALUE_EPS,  ‣ Basic EPS,9,2,VNĐ,
2026-Q2,RT_VALUE_BVPS,  ‣ Book Value Per Share,11,2,VNĐ,
2026-Q2,RT_PRT_ROE,  ‣ ROE %,17,2,%,0.0726722294
2026-Q2,RT_PRT_ROA,  ‣ ROA %,18,2,%,0.0074282467
2026-Q2,RT_BANK_NIM,  ‣ Net Interest Margin (NIM),46,2,%,0.0245832806
2026-Q2,RT_BANK_COF,  ‣ Cost of Funds (COF),48,2,%,-0.050855766
2026-Q2,RT_BANK_CIR,  ‣ Cost to Income Ratio (CIR),50,2,%,-0.4043895484
2026-Q2,RT_BANK_LDR,  ‣ Loan to Deposit Ratio (LDR),53,2,%,1.2707149215
2026-Q2,RT_BANK_NPL,  ‣ Non Performing Loans Ratio (NPL),54,2,%,0.02246019
2026-Q2,RT_BANK_NPL_COVERAGE,  ‣ NPL Coverage Ratio,55,2,%,-0.6659422686
2026-Q2,RT_BANK_CAR,  ‣ Capital Adequacy Ratio (CAR),57,2,%,0.0
2026-Q1,RT_VALUE_PE,  ‣ P/E Ratio,2,2,lần,17.4307634659
2026-Q1,RT_VALUE_PB,  ‣ P/B Ratio,3,2,lần,1.3142622396
2026-Q1,RT_VALUE_EPS,  ‣ Basic EPS,9,2,VNĐ,
2026-Q1,RT_VALUE_BVPS,  ‣ Book Value Per Share,11,2,VNĐ,
2026-Q1,RT_PRT_ROE,  ‣ ROE %,17,2,%,0.0774129838
2026-Q1,RT_PRT_ROA,  ‣ ROA %,18,2,%,0.0080224644
2026-Q1,RT_BANK_NIM,  ‣ Net Interest Margin (NIM),46,2,%,0.0259722643
2026-Q1,RT_BANK_COF,  ‣ Cost of Funds (COF),48,2,%,-0.047327054
2026-Q1,RT_BANK_CIR,  ‣ Cost to Income Ratio (CIR),50,2,%,-0.3201586101
2026-Q1,RT_BANK_LDR,  ‣ Loan to Deposit Ratio (LDR),53,2,%,1.2843147323
2026-Q1,RT_BANK_NPL,  ‣ Non Performing Loans Ratio (NPL),54,2,%,0.0223637474
2026-Q1,RT_BANK_NPL_COVERAGE,  ‣ NPL Coverage Ratio,55,2,%,-0.6800489403
2026-Q1,RT_BANK_CAR,  ‣ Capital Adequacy Ratio (CAR),57,2,%,0.0
2025-Q4,RT_VALUE_PE,  ‣ P/E Ratio,2,2,lần,8.7224281983
2025-Q4,RT_VALUE_PB,  ‣ P/B Ratio,3,2,lần,1.1909192657
2025-Q4,RT_VALUE_EPS,  ‣ Basic EPS,9,2,VNĐ,
2025-Q4,RT_VALUE_BVPS,  ‣ Book Value Per Share,11,2,VNĐ,
2025-Q4,RT_PRT_ROE,  ‣ ROE %,17,2,%,0.1461892187
2025-Q4,RT_PRT_ROA,  ‣ ROA %,18,2,%,0.0152588803
2025-Q4,RT_BANK_NIM,  ‣ Net Interest Margin (NIM),46,2,%,0.0281703491
2025-Q4,RT_BANK_COF,  ‣ Cost of Funds (COF),48,2,%,-0.0467463972
2025-Q4,RT_BANK_CIR,  ‣ Cost to Income Ratio (CIR),50,2,%,-0.3301371222
2025-Q4,RT_BANK_LDR,  ‣ Loan to Deposit Ratio (LDR),53,2,%,1.2358612266
2025-Q4,RT_BANK_NPL,  ‣ Non Performing Loans Ratio (NPL),54,2,%,0.0205616099
2025-Q4,RT_BANK_NPL_COVERAGE,  ‣ NPL Coverage Ratio,55,2,%,-0.6702181134
2025-Q4,RT_BANK_CAR,  ‣ Capital Adequacy Ratio (CAR),57,2,%,0.0
2025-Q3,RT_VALUE_PE,  ‣ P/E Ratio,2,2,lần,7.6747626609
2025-Q3,RT_VALUE_PB,  ‣ P/B Ratio,3,2,lần,1.2646650347
2025-Q3,RT_VALUE_EPS,  ‣ Basic EPS,9,2,VNĐ,
2025-Q3,RT_VALUE_BVPS,  ‣ Book Value Per Share,11,2,VNĐ,
2025-Q3,RT_PRT_ROE,  ‣ ROE %,17,2,%,0.1728287395
2025-Q3,RT_PRT_ROA,  ‣ ROA %,18,2,%,0.0186749463
2025-Q3,RT_BANK_NIM,  ‣ Net Interest Margin (NIM),46,2,%,0.0286895925
2025-Q3,RT_BANK_COF,  ‣ Cost of Funds (COF),48,2,%,-0.0432600627
2025-Q3,RT_BANK_CIR,  ‣ Cost to Income Ratio (CIR),50,2,%,-0.3735205437
2025-Q3,RT_BANK_LDR,  ‣ Loan to Deposit Ratio (LDR),53,2,%,1.3149238875
2025-Q3,RT_BANK_NPL,  ‣ Non Performing Loans Ratio (NPL),54,2,%,0.0195152142
2025-Q3,RT_BANK_NPL_COVERAGE,  ‣ NPL Coverage Ratio,55,2,%,-0.7187641989
2025-Q3,RT_BANK_CAR,  ‣ Capital Adequacy Ratio (CAR),57,2,%,0.0
2025-Q2,RT_VALUE_PE,  ‣ P/E Ratio,2,2,lần,8.0287252731
2025-Q2,RT_VALUE_PB,  ‣ P/B Ratio,3,2,lần,1.3977168236
2025-Q2,RT_VALUE_EPS,  ‣ Basic EPS,9,2,VNĐ,
2025-Q2,RT_VALUE_BVPS,  ‣ Book Value Per Share,11,2,VNĐ,
2025-Q2,RT_PRT_ROE,  ‣ ROE %,17,2,%,0.186798033
2025-Q2,RT_PRT_ROA,  ‣ ROA %,18,2,%,0.0206745701
2025-Q2,RT_BANK_NIM,  ‣ Net Interest Margin (NIM),46,2,%,0.0321952889
2025-Q2,RT_BANK_COF,  ‣ Cost of Funds (COF),48,2,%,-0.0418069627
2025-Q2,RT_BANK_CIR,  ‣ Cost to Income Ratio (CIR),50,2,%,-0.3865674619
2025-Q2,RT_BANK_LDR,  ‣ Loan to Deposit Ratio (LDR),53,2,%,1.323571225
2025-Q2,RT_BANK_NPL,  ‣ Non Performing Loans Ratio (NPL),54,2,%,0.0195466245
2025-Q2,RT_BANK_NPL_COVERAGE,  ‣ NPL Coverage Ratio,55,2,%,-0.7358249389
2025-Q2,RT_BANK_CAR,  ‣ Capital Adequacy Ratio (CAR),57,2,%,0.1327
2025-Q1,RT_VALUE_PE,  ‣ P/E Ratio,2,2,lần,7.6812375987
2025-Q1,RT_VALUE_PB,  ‣ P/B Ratio,3,2,lần,1.4188292492
2025-Q1,RT_VALUE_EPS,  ‣ Basic EPS,9,2,VNĐ,
2025-Q1,RT_VALUE_BVPS,  ‣ Book Value Per Share,11,2,VNĐ,
2025-Q1,RT_PRT_ROE,  ‣ ROE %,17,2,%,0.2028466645
2025-Q1,RT_PRT_ROA,  ‣ ROA %,18,2,%,0.0231387214
2025-Q1,RT_BANK_NIM,  ‣ Net Interest Margin (NIM),46,2,%,0.0358340902
2025-Q1,RT_BANK_COF,  ‣ Cost of Funds (COF),48,2,%,-0.0415949187
2025-Q1,RT_BANK_CIR,  ‣ Cost to Income Ratio (CIR),50,2,%,-0.1776565604
2025-Q1,RT_BANK_LDR,  ‣ Loan to Deposit Ratio (LDR),53,2,%,1.3311914503
2025-Q1,RT_BANK_NPL,  ‣ Non Performing Loans Ratio (NPL),54,2,%,0.0183745921
2025-Q1,RT_BANK_NPL_COVERAGE,  ‣ NPL Coverage Ratio,55,2,%,-0.8180881612
2025-Q1,RT_BANK_CAR,  ‣ Capital Adequacy Ratio (CAR),57,2,%,0.0
2024-Q4,RT_VALUE_PE,  ‣ P/E Ratio,2,2,lần,10.9543255511
2024-Q4,RT_VALUE_PB,  ‣ P/B Ratio,3,2,lần,1.5074842203
2024-Q4,RT_VALUE_EPS,  ‣ Basic EPS,9,2,VNĐ,
2024-Q4,RT_VALUE_BVPS,  ‣ Book Value Per Share,11,2,VNĐ,
2024-Q4,RT_PRT_ROE,  ‣ ROE %,17,2,%,0.147505316
2024-Q4,RT_PRT_ROA,  ‣ ROA %,18,2,%,0.0162752857
2024-Q4,RT_BANK_NIM,  ‣ Net Interest Margin (NIM),46,2,%,0.0358460209
2024-Q4,RT_BANK_COF,  ‣ Cost of Funds (COF),48,2,%,-0.0415818992
2024-Q4,RT_BANK_CIR,  ‣ Cost to Income Ratio (CIR),50,2,%,-0.3328405458
2024-Q4,RT_BANK_LDR,  ‣ Loan to Deposit Ratio (LDR),53,2,%,1.2437882546
2024-Q4,RT_BANK_NPL,  ‣ Non Performing Loans Ratio (NPL),54,2,%,0.0189121958
2024-Q4,RT_BANK_NPL_COVERAGE,  ‣ NPL Coverage Ratio,55,2,%,-0.8287794783
2024-Q4,RT_BANK_CAR,  ‣ Capital Adequacy Ratio (CAR),57,2,%,0.0
2024-Q3,RT_VALUE_PE,  ‣ P/E Ratio,2,2,lần,10.3696790767
2024-Q3,RT_VALUE_PB,  ‣ P/B Ratio,3,2,lần,1.4645993323
2024-Q3,RT_VALUE_EPS,  ‣ Basic EPS,9,2,VNĐ,
2024-Q3,RT_VALUE_BVPS,  ‣ Book Value Per Share,11,2,VNĐ,
2024-Q3,RT_PRT_ROE,  ‣ ROE %,17,2,%,0.1481638123
2024-Q3,RT_PRT_ROA,  ‣ ROA %,18,2,%,0.0171881674
2024-Q3,RT_BANK_NIM,  ‣ Net Interest Margin (NIM),46,2,%,0.0376896122
2024-Q3,RT_BANK_COF,  ‣ Cost of Funds (COF),48,2,%,-0.0451868719
2024-Q3,RT_BANK_CIR,  ‣ Cost to Income Ratio (CIR),50,2,%,-0.3554441908
2024-Q3,RT_BANK_LDR,  ‣ Loan to Deposit Ratio (LDR),53,2,%,1.2816821242
2024-Q3,RT_BANK_NPL,  ‣ Non Performing Loans Ratio (NPL),54,2,%,0.0187210212
2024-Q3,RT_BANK_NPL_COVERAGE,  ‣ NPL Coverage Ratio,55,2,%,-0.8081071542
2024-Q3,RT_BANK_CAR,  ‣ Capital Adequacy Ratio (CAR),57,2,%,0.0
2024-Q2,RT_VALUE_PE,  ‣ P/E Ratio,2,2,lần,10.5304624287
2024-Q2,RT_VALUE_PB,  ‣ P/B Ratio,3,2,lần,1.5053709232
2024-Q2,RT_VALUE_EPS,  ‣ Basic EPS,9,2,VNĐ,
2024-Q2,RT_VALUE_BVPS,  ‣ Book Value Per Share,11,2,VNĐ,
2024-Q2,RT_PRT_ROE,  ‣ ROE %,17,2,%,0.1509864926
2024-Q2,RT_PRT_ROA,  ‣ ROA %,18,2,%,0.0174387236
2024-Q2,RT_BANK_NIM,  ‣ Net Interest Margin (NIM),46,2,%,0.0345416808
2024-Q2,RT_BANK_COF,  ‣ Cost of Funds (COF),48,2,%,-0.0493633722
2024-Q2,RT_BANK_CIR,  ‣ Cost to Income Ratio (CIR),50,2,%,-0.2872346155
2024-Q2,RT_BANK_LDR,  ‣ Loan to Deposit Ratio (LDR),53,2,%,1.2442607148
2024-Q2,RT_BANK_NPL,  ‣ Non Performing Loans Ratio (NPL),54,2,%,0.0190954559
2024-Q2,RT_BANK_NPL_COVERAGE,  ‣ NPL Coverage Ratio,55,2,%,-0.7665668817
2024-Q2,RT_BANK_CAR,  ‣ Capital Adequacy Ratio (CAR),57,2,%,0.1478
2024-Q1,RT_VALUE_PE,  ‣ P/E Ratio,2,2,lần,12.7448416761
2024-Q1,RT_VALUE_PB,  ‣ P/B Ratio,3,2,lần,1.6445259451
2024-Q1,RT_VALUE_EPS,  ‣ Basic EPS,9,2,VNĐ,
2024-Q1,RT_VALUE_BVPS,  ‣ Book Value Per Share,11,2,VNĐ,
2024-Q1,RT_PRT_ROE,  ‣ ROE %,17,2,%,0.1361730918
2024-Q1,RT_PRT_ROA,  ‣ ROA %,18,2,%,0.0156021236
2024-Q1,RT_BANK_NIM,  ‣ Net Interest Margin (NIM),46,2,%,0.0307060607
2024-Q1,RT_BANK_COF,  ‣ Cost of Funds (COF),48,2,%,-0.0550951711
2024-Q1,RT_BANK_CIR,  ‣ Cost to Income Ratio (CIR),50,2,%,-0.3367189116
2024-Q1,RT_BANK_LDR,  ‣ Loan to Deposit Ratio (LDR),53,2,%,1.173691446
2024-Q1,RT_BANK_NPL,  ‣ Non Performing Loans Ratio (NPL),54,2,%,0.0196081555
2024-Q1,RT_BANK_NPL_COVERAGE,  ‣ NPL Coverage Ratio,55,2,%,-0.8504839705
2024-Q1,RT_BANK_CAR,  ‣ Capital Adequacy Ratio (CAR),57,2,%,0.0
2023-Q4,RT_VALUE_PE,  ‣ P/E Ratio,2,2,lần,15.0907197368
2023-Q4,RT_VALUE_PB,  ‣ P/B Ratio,3,2,lần,1.8616734241
2023-Q4,RT_VALUE_EPS,  ‣ Basic EPS,9,2,VNĐ,
2023-Q4,RT_VALUE_BVPS,  ‣ Book Value Per Share,11,2,VNĐ,
2023-Q4,RT_PRT_ROE,  ‣ ROE %,17,2,%,0.130090791
2023-Q4,RT_PRT_ROA,  ‣ ROA %,18,2,%,0.0147803926
2023-Q4,RT_BANK_NIM,  ‣ Net Interest Margin (NIM),46,2,%,0.0305407324
2023-Q4,RT_BANK_COF,  ‣ Cost of Funds (COF),48,2,%,-0.0586178658
2023-Q4,RT_BANK_CIR,  ‣ Cost to Income Ratio (CIR),50,2,%,-0.3827622501
2023-Q4,RT_BANK_LDR,  ‣ Loan to Deposit Ratio (LDR),53,2,%,1.241037597
2023-Q4,RT_BANK_NPL,  ‣ Non Performing Loans Ratio (NPL),54,2,%,0.0193766916
2023-Q4,RT_BANK_NPL_COVERAGE,  ‣ NPL Coverage Ratio,55,2,%,-0.8550162403
2023-Q4,RT_BANK_CAR,  ‣ Capital Adequacy Ratio (CAR),57,2,%,0.0
2023-Q3,RT_VALUE_PE,  ‣ P/E Ratio,2,2,lần,17.1559632785
2023-Q3,RT_VALUE_PB,  ‣ P/B Ratio,3,2,lần,2.0089480733
2023-Q3,RT_VALUE_EPS,  ‣ Basic EPS,9,2,VNĐ,
2023-Q3,RT_VALUE_BVPS,  ‣ Book Value Per Share,11,2,VNĐ,
2023-Q3,RT_PRT_ROE,  ‣ ROE %,17,2,%,0.1222930746
2023-Q3,RT_PRT_ROA,  ‣ ROA %,18,2,%,0.0138178012
2023-Q3,RT_BANK_NIM,  ‣ Net Interest Margin (NIM),46,2,%,0.0303615893
2023-Q3,RT_BANK_COF,  ‣ Cost of Funds (COF),48,2,%,-0.0577907658
2023-Q3,RT_BANK_CIR,  ‣ Cost to Income Ratio (CIR),50,2,%,-0.3730512781
2023-Q3,RT_BANK_LDR,  ‣ Loan to Deposit Ratio (LDR),53,2,%,1.1978172603
2023-Q3,RT_BANK_NPL,  ‣ Non Performing Loans Ratio (NPL),54,2,%,0.0187344998
2023-Q3,RT_BANK_NPL_COVERAGE,  ‣ NPL Coverage Ratio,55,2,%,-0.9826395607
2023-Q3,RT_BANK_CAR,  ‣ Capital Adequacy Ratio (CAR),57,2,%,0.0
2023-Q2,RT_VALUE_PE,  ‣ P/E Ratio,2,2,lần,17.675310214
2023-Q2,RT_VALUE_PB,  ‣ P/B Ratio,3,2,lần,2.1906583968
2023-Q2,RT_VALUE_EPS,  ‣ Basic EPS,9,2,VNĐ,
2023-Q2,RT_VALUE_BVPS,  ‣ Book Value Per Share,11,2,VNĐ,
2023-Q2,RT_PRT_ROE,  ‣ ROE %,17,2,%,0.1290726662
2023-Q2,RT_PRT_ROA,  ‣ ROA %,18,2,%,0.0143414338
2023-Q2,RT_BANK_NIM,  ‣ Net Interest Margin (NIM),46,2,%,0.0317318474
2023-Q2,RT_BANK_COF,  ‣ Cost of Funds (COF),48,2,%,-0.0540066186
2023-Q2,RT_BANK_CIR,  ‣ Cost to Income Ratio (CIR),50,2,%,-0.4365377533
2023-Q2,RT_BANK_LDR,  ‣ Loan to Deposit Ratio (LDR),53,2,%,1.3136882359
2023-Q2,RT_BANK_NPL,  ‣ Non Performing Loans Ratio (NPL),54,2,%,0.0172999128
2023-Q2,RT_BANK_NPL_COVERAGE,  ‣ NPL Coverage Ratio,55,2,%,-0.9867096088
2023-Q2,RT_BANK_CAR,  ‣ Capital Adequacy Ratio (CAR),57,2,%,0.1455
2023-Q1,RT_VALUE_PE,  ‣ P/E Ratio,2,2,lần,18.0022454071
2023-Q1,RT_VALUE_PB,  ‣ P/B Ratio,3,2,lần,2.5998645671
2023-Q1,RT_VALUE_EPS,  ‣ Basic EPS,9,2,VNĐ,
2023-Q1,RT_VALUE_BVPS,  ‣ Book Value Per Share,11,2,VNĐ,
2023-Q1,RT_PRT_ROE,  ‣ ROE %,17,2,%,0.1520410752
2023-Q1,RT_PRT_ROA,  ‣ ROA %,18,2,%,0.0164961417
2023-Q1,RT_BANK_NIM,  ‣ Net Interest Margin (NIM),46,2,%,0.033406891
2023-Q1,RT_BANK_COF,  ‣ Cost of Funds (COF),48,2,%,-0.0469547081
2023-Q1,RT_BANK_CIR,  ‣ Cost to Income Ratio (CIR),50,2,%,-0.3670271476
2023-Q1,RT_BANK_LDR,  ‣ Loan to Deposit Ratio (LDR),53,2,%,1.3533370106
2023-Q1,RT_BANK_NPL,  ‣ Non Performing Loans Ratio (NPL),54,2,%,0.0159899269
2023-Q1,RT_BANK_NPL_COVERAGE,  ‣ NPL Coverage Ratio,55,2,%,-1.0508426928
2023-Q1,RT_BANK_CAR,  ‣ Capital Adequacy Ratio (CAR),57,2,%,0.0
2022-Q4,RT_VALUE_PE,  ‣ P/E Ratio,2,2,lần,15.3342573049
2022-Q4,RT_VALUE_PB,  ‣ P/B Ratio,3,2,lần,2.434461734
2022-Q4,RT_VALUE_EPS,  ‣ Basic EPS,9,2,VNĐ,
2022-Q4,RT_VALUE_BVPS,  ‣ Book Value Per Share,11,2,VNĐ,
2022-Q4,RT_PRT_ROE,  ‣ ROE %,17,2,%,0.1805494735
2022-Q4,RT_PRT_ROA,  ‣ ROA %,18,2,%,0.0182940683
2022-Q4,RT_BANK_NIM,  ‣ Net Interest Margin (NIM),46,2,%,0.034234038
2022-Q4,RT_BANK_COF,  ‣ Cost of Funds (COF),48,2,%,-0.0417648657
2022-Q4,RT_BANK_CIR,  ‣ Cost to Income Ratio (CIR),50,2,%,-0.3527973317
2022-Q4,RT_BANK_LDR,  ‣ Loan to Deposit Ratio (LDR),53,2,%,1.3324069938
2022-Q4,RT_BANK_NPL,  ‣ Non Performing Loans Ratio (NPL),54,2,%,0.0159792741
2022-Q4,RT_BANK_NPL_COVERAGE,  ‣ NPL Coverage Ratio,55,2,%,-0.988985836
2022-Q4,RT_BANK_CAR,  ‣ Capital Adequacy Ratio (CAR),57,2,%,0.0
2022-Q3,RT_VALUE_PE,  ‣ P/E Ratio,2,2,lần,17.184097011
2022-Q3,RT_VALUE_PB,  ‣ P/B Ratio,3,2,lần,2.699220341
2022-Q3,RT_VALUE_EPS,  ‣ Basic EPS,9,2,VNĐ,
2022-Q3,RT_VALUE_BVPS,  ‣ Book Value Per Share,11,2,VNĐ,
2022-Q3,RT_PRT_ROE,  ‣ ROE %,17,2,%,0.1702766326
2022-Q3,RT_PRT_ROA,  ‣ ROA %,18,2,%,0.0168870871
2022-Q3,RT_BANK_NIM,  ‣ Net Interest Margin (NIM),46,2,%,0.031372057
2022-Q3,RT_BANK_COF,  ‣ Cost of Funds (COF),48,2,%,-0.0364865175
2022-Q3,RT_BANK_CIR,  ‣ Cost to Income Ratio (CIR),50,2,%,-0.3921898936
2022-Q3,RT_BANK_LDR,  ‣ Loan to Deposit Ratio (LDR),53,2,%,1.3231774311
2022-Q3,RT_BANK_NPL,  ‣ Non Performing Loans Ratio (NPL),54,2,%,0.0159370535
2022-Q3,RT_BANK_NPL_COVERAGE,  ‣ NPL Coverage Ratio,55,2,%,-0.9365702817
2022-Q3,RT_BANK_CAR,  ‣ Capital Adequacy Ratio (CAR),57,2,%,0.0
2022-Q2,RT_VALUE_PE,  ‣ P/E Ratio,2,2,lần,15.0650574372
2022-Q2,RT_VALUE_PB,  ‣ P/B Ratio,3,2,lần,2.4890727405
2022-Q2,RT_VALUE_EPS,  ‣ Basic EPS,9,2,VNĐ,
2022-Q2,RT_VALUE_BVPS,  ‣ Book Value Per Share,11,2,VNĐ,
2022-Q2,RT_PRT_ROE,  ‣ ROE %,17,2,%,0.1790532156
2022-Q2,RT_PRT_ROA,  ‣ ROA %,18,2,%,0.0166341117
2022-Q2,RT_BANK_NIM,  ‣ Net Interest Margin (NIM),46,2,%,0.0310205831
2022-Q2,RT_BANK_COF,  ‣ Cost of Funds (COF),48,2,%,-0.034163154
2022-Q2,RT_BANK_CIR,  ‣ Cost to Income Ratio (CIR),50,2,%,-0.3208116606
2022-Q2,RT_BANK_LDR,  ‣ Loan to Deposit Ratio (LDR),53,2,%,1.2574702519
2022-Q2,RT_BANK_NPL,  ‣ Non Performing Loans Ratio (NPL),54,2,%,0.0160079807
2022-Q2,RT_BANK_NPL_COVERAGE,  ‣ NPL Coverage Ratio,55,2,%,-0.9572032293
2022-Q2,RT_BANK_CAR,  ‣ Capital Adequacy Ratio (CAR),57,2,%,0.1349
2022-Q1,RT_VALUE_PE,  ‣ P/E Ratio,2,2,lần,17.9239474445
2022-Q1,RT_VALUE_PB,  ‣ P/B Ratio,3,2,lần,2.7752623277
2022-Q1,RT_VALUE_EPS,  ‣ Basic EPS,9,2,VNĐ,
2022-Q1,RT_VALUE_BVPS,  ‣ Book Value Per Share,11,2,VNĐ,
2022-Q1,RT_PRT_ROE,  ‣ ROE %,17,2,%,0.1612263784
2022-Q1,RT_PRT_ROA,  ‣ ROA %,18,2,%,0.0133029457
2022-Q1,RT_BANK_NIM,  ‣ Net Interest Margin (NIM),46,2,%,0.0286553878
2022-Q1,RT_BANK_COF,  ‣ Cost of Funds (COF),48,2,%,-0.037557537
2022-Q1,RT_BANK_CIR,  ‣ Cost to Income Ratio (CIR),50,2,%,-0.3595067505
2022-Q1,RT_BANK_LDR,  ‣ Loan to Deposit Ratio (LDR),53,2,%,1.1621676993
2022-Q1,RT_BANK_NPL,  ‣ Non Performing Loans Ratio (NPL),54,2,%,0.0164953317
2022-Q1,RT_BANK_NPL_COVERAGE,  ‣ NPL Coverage Ratio,55,2,%,-0.8465311134
2022-Q1,RT_BANK_CAR,  ‣ Capital Adequacy Ratio (CAR),57,2,%,0.0
2021-Q4,RT_VALUE_PE,  ‣ P/E Ratio,2,2,lần,20.1338636713
2021-Q4,RT_VALUE_PB,  ‣ P/B Ratio,3,2,lần,3.3127940536
2021-Q4,RT_VALUE_EPS,  ‣ Basic EPS,9,2,VNĐ,
2021-Q4,RT_VALUE_BVPS,  ‣ Book Value Per Share,11,2,VNĐ,
2021-Q4,RT_PRT_ROE,  ‣ ROE %,17,2,%,0.1692336876
2021-Q4,RT_PRT_ROA,  ‣ ROA %,18,2,%,0.0132861623
2021-Q4,RT_BANK_NIM,  ‣ Net Interest Margin (NIM),46,2,%,0.0282706933
2021-Q4,RT_BANK_COF,  ‣ Cost of Funds (COF),48,2,%,-0.0406595885
2021-Q4,RT_BANK_CIR,  ‣ Cost to Income Ratio (CIR),50,2,%,-0.305431814
2021-Q4,RT_BANK_LDR,  ‣ Loan to Deposit Ratio (LDR),53,2,%,1.0193764747
2021-Q4,RT_BANK_NPL,  ‣ Non Performing Loans Ratio (NPL),54,2,%,0.0168472934
2021-Q4,RT_BANK_NPL_COVERAGE,  ‣ NPL Coverage Ratio,55,2,%,-0.7325940407
2021-Q4,RT_BANK_CAR,  ‣ Capital Adequacy Ratio (CAR),57,2,%,0.0
2021-Q3,RT_VALUE_PE,  ‣ P/E Ratio,2,2,lần,20.8358933641
2021-Q3,RT_VALUE_PB,  ‣ P/B Ratio,3,2,lần,3.0531250841
2021-Q3,RT_VALUE_EPS,  ‣ Basic EPS,9,2,VNĐ,
2021-Q3,RT_VALUE_BVPS,  ‣ Book Value Per Share,11,2,VNĐ,
2021-Q3,RT_PRT_ROE,  ‣ ROE %,17,2,%,0.1692336876
2021-Q3,RT_PRT_ROA,  ‣ ROA %,18,2,%,0.0132861623
2021-Q3,RT_BANK_NIM,  ‣ Net Interest Margin (NIM),46,2,%,0.0282706933
2021-Q3,RT_BANK_COF,  ‣ Cost of Funds (COF),48,2,%,-0.0406595885
2021-Q3,RT_BANK_CIR,  ‣ Cost to Income Ratio (CIR),50,2,%,-0.305431814
2021-Q3,RT_BANK_LDR,  ‣ Loan to Deposit Ratio (LDR),53,2,%,1.0193764747
2021-Q3,RT_BANK_NPL,  ‣ Non Performing Loans Ratio (NPL),54,2,%,0.0168472934
2021-Q3,RT_BANK_NPL_COVERAGE,  ‣ NPL Coverage Ratio,55,2,%,-0.7325940407
2021-Q3,RT_BANK_CAR,  ‣ Capital Adequacy Ratio (CAR),57,2,%,0.0
2021-Q1,RT_VALUE_PE,  ‣ P/E Ratio,2,2,lần,26.7956385355
2021-Q1,RT_VALUE_PB,  ‣ P/B Ratio,3,2,lần,3.228882896
2021-Q1,RT_VALUE_EPS,  ‣ Basic EPS,9,2,VNĐ,
2021-Q1,RT_VALUE_BVPS,  ‣ Book Value Per Share,11,2,VNĐ,
2021-Q1,RT_PRT_ROE,  ‣ ROE %,17,2,%,0.12576952576637268
2021-Q1,RT_PRT_ROA,  ‣ ROA %,18,2,%,0.009270240552723408
2021-Q1,RT_BANK_NIM,  ‣ Net Interest Margin (NIM),46,2,%,0.02192692458629608
2021-Q1,RT_BANK_COF,  ‣ Cost of Funds (COF),48,2,%,-0.047085702419281006
2021-Q1,RT_BANK_CIR,  ‣ Cost to Income Ratio (CIR),50,2,%,-0.40703386068344116
2021-Q1,RT_BANK_LDR,  ‣ Loan to Deposit Ratio (LDR),53,2,%,0.9639902710914612
2021-Q1,RT_BANK_NPL,  ‣ Non Performing Loans Ratio (NPL),54,2,%,0.018008459359407425
2021-Q1,RT_BANK_NPL_COVERAGE,  ‣ NPL Coverage Ratio,55,2,%,-0.6319215297698975
2021-Q1,RT_BANK_CAR,  ‣ Capital Adequacy Ratio (CAR),57,2,%,0.0
