period,id,name,order,level,off_balance,unit,value
2026-Q2,BS_TOTAL_ASSETS,Total Assets,1,1,False,VNĐ,892048566000000.0
2026-Q2,BS_CASH_AND_PRECIOUS_METALS,Cash and Precious Metals,2,1,False,VNĐ,5929857000000.0
2026-Q2,BS_BALANCES_WITH_SBV,Balances With SBV,3,1,False,VNĐ,18201846000000.0
2026-Q2,BS_PLACEMENTS_AND_LOANS_TO_CREDIT_INSTITUTIONS,Placements and Loans to Credit Institutions,4,1,False,VNĐ,129926514000000.0
2026-Q2,BS_TRADING_SECURITIES,Trading Securities,8,1,False,VNĐ,0.0
2026-Q2,BS_LOANS_TO_CUSTOMERS,Loans to Customers,12,1,False,VNĐ,608851996000000.0
2026-Q2,BS_PROVISION_LOANS_TO_CUSTOMERS,  ‣ Provision Loans to Customers,14,2,False,VNĐ,-27176897000000.0
2026-Q2,BS_FIXED_ASSETS,Fixed Assets,28,1,False,VNĐ,6937711000000.0
2026-Q2,BS_TOTAL_LIABILITIES,Total Liabilities,49,1,False,VNĐ,829241317000000.0
2026-Q2,BS_PLACEMENTS_AND_BORROWINGS_FROM_CREDIT_INSTITUTIONS,  ‣ Placements and Borrowings from Credit Institutions,51,2,False,VNĐ,90061309000000.0
2026-Q2,BS_CUSTOMER_DEPOSITS,  ‣ Customer Deposits,54,2,False,VNĐ,647939224000000.0
2026-Q2,BS_VALUABLE_PAPERS_ISSUED,  ‣ Valuable Papers Issued,57,2,False,VNĐ,39275735000000.0
2026-Q2,BS_CHARTER_CAPITAL,    • Charter Capital,65,3,False,VNĐ,18852157000000.0
2026-Q1,BS_TOTAL_ASSETS,Total Assets,1,1,False,VNĐ,859571527000000.0
2026-Q1,BS_CASH_AND_PRECIOUS_METALS,Cash and Precious Metals,2,1,False,VNĐ,5956879000000.0
2026-Q1,BS_BALANCES_WITH_SBV,Balances With SBV,3,1,False,VNĐ,16458784000000.0
2026-Q1,BS_PLACEMENTS_AND_LOANS_TO_CREDIT_INSTITUTIONS,Placements and Loans to Credit Institutions,4,1,False,VNĐ,113659742000000.0
2026-Q1,BS_TRADING_SECURITIES,Trading Securities,8,1,False,VNĐ,0.0
2026-Q1,BS_LOANS_TO_CUSTOMERS,Loans to Customers,12,1,False,VNĐ,604877709000000.0
2026-Q1,BS_PROVISION_LOANS_TO_CUSTOMERS,  ‣ Provision Loans to Customers,14,2,False,VNĐ,-22082101000000.0
2026-Q1,BS_FIXED_ASSETS,Fixed Assets,28,1,False,VNĐ,7006973000000.0
2026-Q1,BS_TOTAL_LIABILITIES,Total Liabilities,49,1,False,VNĐ,798094916000000.0
2026-Q1,BS_PLACEMENTS_AND_BORROWINGS_FROM_CREDIT_INSTITUTIONS,  ‣ Placements and Borrowings from Credit Institutions,51,2,False,VNĐ,124488501000000.0
2026-Q1,BS_CUSTOMER_DEPOSITS,  ‣ Customer Deposits,54,2,False,VNĐ,600788965000000.0
2026-Q1,BS_VALUABLE_PAPERS_ISSUED,  ‣ Valuable Papers Issued,57,2,False,VNĐ,38162514000000.0
2026-Q1,BS_CHARTER_CAPITAL,    • Charter Capital,65,3,False,VNĐ,18852157000000.0
2025-Q4,BS_TOTAL_ASSETS,Total Assets,1,1,False,VNĐ,917119803000000.0
2025-Q4,BS_CASH_AND_PRECIOUS_METALS,Cash and Precious Metals,2,1,False,VNĐ,5401563000000.0
2025-Q4,BS_BALANCES_WITH_SBV,Balances With SBV,3,1,False,VNĐ,18059258000000.0
2025-Q4,BS_PLACEMENTS_AND_LOANS_TO_CREDIT_INSTITUTIONS,Placements and Loans to Credit Institutions,4,1,False,VNĐ,172510005000000.0
2025-Q4,BS_TRADING_SECURITIES,Trading Securities,8,1,False,VNĐ,0.0
2025-Q4,BS_LOANS_TO_CUSTOMERS,Loans to Customers,12,1,False,VNĐ,606336391000000.0
2025-Q4,BS_PROVISION_LOANS_TO_CUSTOMERS,  ‣ Provision Loans to Customers,14,2,False,VNĐ,-20055945000000.0
2025-Q4,BS_FIXED_ASSETS,Fixed Assets,28,1,False,VNĐ,7044615000000.0
2025-Q4,BS_TOTAL_LIABILITIES,Total Liabilities,49,1,False,VNĐ,857253059000000.0
2025-Q4,BS_PLACEMENTS_AND_BORROWINGS_FROM_CREDIT_INSTITUTIONS,  ‣ Placements and Borrowings from Credit Institutions,51,2,False,VNĐ,156037068000000.0
2025-Q4,BS_CUSTOMER_DEPOSITS,  ‣ Customer Deposits,54,2,False,VNĐ,618341672000000.0
2025-Q4,BS_VALUABLE_PAPERS_ISSUED,  ‣ Valuable Papers Issued,57,2,False,VNĐ,39184704000000.0
2025-Q4,BS_CHARTER_CAPITAL,    • Charter Capital,65,3,False,VNĐ,18852157000000.0
2025-Q3,BS_TOTAL_ASSETS,Total Assets,1,1,False,VNĐ,848942045000000.0
2025-Q3,BS_CASH_AND_PRECIOUS_METALS,Cash and Precious Metals,2,1,False,VNĐ,9149135000000.0
2025-Q3,BS_BALANCES_WITH_SBV,Balances With SBV,3,1,False,VNĐ,17820517000000.0
2025-Q3,BS_PLACEMENTS_AND_LOANS_TO_CREDIT_INSTITUTIONS,Placements and Loans to Credit Institutions,4,1,False,VNĐ,117154937000000.0
2025-Q3,BS_TRADING_SECURITIES,Trading Securities,8,1,False,VNĐ,0.0
2025-Q3,BS_LOANS_TO_CUSTOMERS,Loans to Customers,12,1,False,VNĐ,590505804000000.0
2025-Q3,BS_PROVISION_LOANS_TO_CUSTOMERS,  ‣ Provision Loans to Customers,14,2,False,VNĐ,-15542400000000.0
2025-Q3,BS_FIXED_ASSETS,Fixed Assets,28,1,False,VNĐ,7110464000000.0
2025-Q3,BS_TOTAL_LIABILITIES,Total Liabilities,49,1,False,VNĐ,786237253000000.0
2025-Q3,BS_PLACEMENTS_AND_BORROWINGS_FROM_CREDIT_INSTITUTIONS,  ‣ Placements and Borrowings from Credit Institutions,51,2,False,VNĐ,82473757000000.0
2025-Q3,BS_CUSTOMER_DEPOSITS,  ‣ Customer Deposits,54,2,False,VNĐ,641102057000000.0
2025-Q3,BS_VALUABLE_PAPERS_ISSUED,  ‣ Valuable Papers Issued,57,2,False,VNĐ,38779004000000.0
2025-Q3,BS_CHARTER_CAPITAL,    • Charter Capital,65,3,False,VNĐ,18852157000000.0
2025-Q2,BS_TOTAL_ASSETS,Total Assets,1,1,False,VNĐ,807339224000000.0
2025-Q2,BS_CASH_AND_PRECIOUS_METALS,Cash and Precious Metals,2,1,False,VNĐ,8185140000000.0
2025-Q2,BS_BALANCES_WITH_SBV,Balances With SBV,3,1,False,VNĐ,17032478000000.0
2025-Q2,BS_PLACEMENTS_AND_LOANS_TO_CREDIT_INSTITUTIONS,Placements and Loans to Credit Institutions,4,1,False,VNĐ,100602320000000.0
2025-Q2,BS_TRADING_SECURITIES,Trading Securities,8,1,False,VNĐ,0.0
2025-Q2,BS_LOANS_TO_CUSTOMERS,Loans to Customers,12,1,False,VNĐ,577041997000000.0
2025-Q2,BS_PROVISION_LOANS_TO_CUSTOMERS,  ‣ Provision Loans to Customers,14,2,False,VNĐ,-10918032000000.0
2025-Q2,BS_FIXED_ASSETS,Fixed Assets,28,1,False,VNĐ,7205630000000.0
2025-Q2,BS_TOTAL_LIABILITIES,Total Liabilities,49,1,False,VNĐ,747518017000000.0
2025-Q2,BS_PLACEMENTS_AND_BORROWINGS_FROM_CREDIT_INSTITUTIONS,  ‣ Placements and Borrowings from Credit Institutions,51,2,False,VNĐ,60686995000000.0
2025-Q2,BS_CUSTOMER_DEPOSITS,  ‣ Customer Deposits,54,2,False,VNĐ,624314777000000.0
2025-Q2,BS_VALUABLE_PAPERS_ISSUED,  ‣ Valuable Papers Issued,57,2,False,VNĐ,36558656000000.0
2025-Q2,BS_CHARTER_CAPITAL,    • Charter Capital,65,3,False,VNĐ,18852157000000.0
2025-Q1,BS_TOTAL_ASSETS,Total Assets,1,1,False,VNĐ,757093326000000.0
2025-Q1,BS_CASH_AND_PRECIOUS_METALS,Cash and Precious Metals,2,1,False,VNĐ,8497715000000.0
2025-Q1,BS_BALANCES_WITH_SBV,Balances With SBV,3,1,False,VNĐ,16074591000000.0
2025-Q1,BS_PLACEMENTS_AND_LOANS_TO_CREDIT_INSTITUTIONS,Placements and Loans to Credit Institutions,4,1,False,VNĐ,76157728000000.0
2025-Q1,BS_TRADING_SECURITIES,Trading Securities,8,1,False,VNĐ,0.0
2025-Q1,BS_LOANS_TO_CUSTOMERS,Loans to Customers,12,1,False,VNĐ,553760842000000.0
2025-Q1,BS_PROVISION_LOANS_TO_CUSTOMERS,  ‣ Provision Loans to Customers,14,2,False,VNĐ,-10566359000000.0
2025-Q1,BS_FIXED_ASSETS,Fixed Assets,28,1,False,VNĐ,7357477000000.0
2025-Q1,BS_TOTAL_LIABILITIES,Total Liabilities,49,1,False,VNĐ,699230949000000.0
2025-Q1,BS_PLACEMENTS_AND_BORROWINGS_FROM_CREDIT_INSTITUTIONS,  ‣ Placements and Borrowings from Credit Institutions,51,2,False,VNĐ,56408256000000.0
2025-Q1,BS_CUSTOMER_DEPOSITS,  ‣ Customer Deposits,54,2,False,VNĐ,585569336000000.0
2025-Q1,BS_VALUABLE_PAPERS_ISSUED,  ‣ Valuable Papers Issued,57,2,False,VNĐ,34031754000000.0
2025-Q1,BS_CHARTER_CAPITAL,    • Charter Capital,65,3,False,VNĐ,18852157000000.0
2024-Q4,BS_TOTAL_ASSETS,Total Assets,1,1,False,VNĐ,748094546000000.0
2024-Q4,BS_CASH_AND_PRECIOUS_METALS,Cash and Precious Metals,2,1,False,VNĐ,8214653000000.0
2024-Q4,BS_BALANCES_WITH_SBV,Balances With SBV,3,1,False,VNĐ,17644155000000.0
2024-Q4,BS_PLACEMENTS_AND_LOANS_TO_CREDIT_INSTITUTIONS,Placements and Loans to Credit Institutions,4,1,False,VNĐ,88241176000000.0
2024-Q4,BS_TRADING_SECURITIES,Trading Securities,8,1,False,VNĐ,0.0
2024-Q4,BS_LOANS_TO_CUSTOMERS,Loans to Customers,12,1,False,VNĐ,530448003000000.0
2024-Q4,BS_PROVISION_LOANS_TO_CUSTOMERS,  ‣ Provision Loans to Customers,14,2,False,VNĐ,-8866655000000.0
2024-Q4,BS_FIXED_ASSETS,Fixed Assets,28,1,False,VNĐ,7355128000000.0
2024-Q4,BS_TOTAL_LIABILITIES,Total Liabilities,49,1,False,VNĐ,693122476000000.0
2024-Q4,BS_PLACEMENTS_AND_BORROWINGS_FROM_CREDIT_INSTITUTIONS,  ‣ Placements and Borrowings from Credit Institutions,51,2,False,VNĐ,70655292000000.0
2024-Q4,BS_CUSTOMER_DEPOSITS,  ‣ Customer Deposits,54,2,False,VNĐ,566881814000000.0
2024-Q4,BS_VALUABLE_PAPERS_ISSUED,  ‣ Valuable Papers Issued,57,2,False,VNĐ,36753523000000.0
2024-Q4,BS_CHARTER_CAPITAL,    • Charter Capital,65,3,False,VNĐ,18852157000000.0
2024-Q3,BS_TOTAL_ASSETS,Total Assets,1,1,False,VNĐ,702985596000000.0
2024-Q3,BS_CASH_AND_PRECIOUS_METALS,Cash and Precious Metals,2,1,False,VNĐ,8901439000000.0
2024-Q3,BS_BALANCES_WITH_SBV,Balances With SBV,3,1,False,VNĐ,15450839000000.0
2024-Q3,BS_PLACEMENTS_AND_LOANS_TO_CREDIT_INSTITUTIONS,Placements and Loans to Credit Institutions,4,1,False,VNĐ,60284996000000.0
2024-Q3,BS_TRADING_SECURITIES,Trading Securities,8,1,False,VNĐ,0.0
2024-Q3,BS_LOANS_TO_CUSTOMERS,Loans to Customers,12,1,False,VNĐ,515738627000000.0
2024-Q3,BS_PROVISION_LOANS_TO_CUSTOMERS,  ‣ Provision Loans to Customers,14,2,False,VNĐ,-9754734000000.0
2024-Q3,BS_FIXED_ASSETS,Fixed Assets,28,1,False,VNĐ,7384591000000.0
2024-Q3,BS_TOTAL_LIABILITIES,Total Liabilities,49,1,False,VNĐ,651705096000000.0
2024-Q3,BS_PLACEMENTS_AND_BORROWINGS_FROM_CREDIT_INSTITUTIONS,  ‣ Placements and Borrowings from Credit Institutions,51,2,False,VNĐ,32209145000000.0
2024-Q3,BS_CUSTOMER_DEPOSITS,  ‣ Customer Deposits,54,2,False,VNĐ,566724116000000.0
2024-Q3,BS_VALUABLE_PAPERS_ISSUED,  ‣ Valuable Papers Issued,57,2,False,VNĐ,34706778000000.0
2024-Q3,BS_CHARTER_CAPITAL,    • Charter Capital,65,3,False,VNĐ,18852157000000.0
2024-Q2,BS_TOTAL_ASSETS,Total Assets,1,1,False,VNĐ,717312771000000.0
2024-Q2,BS_CASH_AND_PRECIOUS_METALS,Cash and Precious Metals,2,1,False,VNĐ,7051295000000.0
2024-Q2,BS_BALANCES_WITH_SBV,Balances With SBV,3,1,False,VNĐ,14973908000000.0
2024-Q2,BS_PLACEMENTS_AND_LOANS_TO_CREDIT_INSTITUTIONS,Placements and Loans to Credit Institutions,4,1,False,VNĐ,71385725000000.0
2024-Q2,BS_TRADING_SECURITIES,Trading Securities,8,1,False,VNĐ,0.0
2024-Q2,BS_LOANS_TO_CUSTOMERS,Loans to Customers,12,1,False,VNĐ,507883143000000.0
2024-Q2,BS_PROVISION_LOANS_TO_CUSTOMERS,  ‣ Provision Loans to Customers,14,2,False,VNĐ,-8751700000000.0
2024-Q2,BS_FIXED_ASSETS,Fixed Assets,28,1,False,VNĐ,7273402000000.0
2024-Q2,BS_TOTAL_LIABILITIES,Total Liabilities,49,1,False,VNĐ,668234822000000.0
2024-Q2,BS_PLACEMENTS_AND_BORROWINGS_FROM_CREDIT_INSTITUTIONS,  ‣ Placements and Borrowings from Credit Institutions,51,2,False,VNĐ,51333953000000.0
2024-Q2,BS_CUSTOMER_DEPOSITS,  ‣ Customer Deposits,54,2,False,VNĐ,549184397000000.0
2024-Q2,BS_VALUABLE_PAPERS_ISSUED,  ‣ Valuable Papers Issued,57,2,False,VNĐ,37854969000000.0
2024-Q2,BS_CHARTER_CAPITAL,    • Charter Capital,65,3,False,VNĐ,18852157000000.0
2024-Q1,BS_TOTAL_ASSETS,Total Assets,1,1,False,VNĐ,693534553000000.0
2024-Q1,BS_CASH_AND_PRECIOUS_METALS,Cash and Precious Metals,2,1,False,VNĐ,8487570000000.0
2024-Q1,BS_BALANCES_WITH_SBV,Balances With SBV,3,1,False,VNĐ,15798185000000.0
2024-Q1,BS_PLACEMENTS_AND_LOANS_TO_CREDIT_INSTITUTIONS,Placements and Loans to Credit Institutions,4,1,False,VNĐ,56985715000000.0
2024-Q1,BS_TRADING_SECURITIES,Trading Securities,8,1,False,VNĐ,0.0
2024-Q1,BS_LOANS_TO_CUSTOMERS,Loans to Customers,12,1,False,VNĐ,492140463000000.0
2024-Q1,BS_PROVISION_LOANS_TO_CUSTOMERS,  ‣ Provision Loans to Customers,14,2,False,VNĐ,-8267883000000.0
2024-Q1,BS_FIXED_ASSETS,Fixed Assets,28,1,False,VNĐ,7376050000000.0
2024-Q1,BS_TOTAL_LIABILITIES,Total Liabilities,49,1,False,VNĐ,645625554000000.0
2024-Q1,BS_PLACEMENTS_AND_BORROWINGS_FROM_CREDIT_INSTITUTIONS,  ‣ Placements and Borrowings from Credit Institutions,51,2,False,VNĐ,40646857000000.0
2024-Q1,BS_CUSTOMER_DEPOSITS,  ‣ Customer Deposits,54,2,False,VNĐ,533358461000000.0
2024-Q1,BS_VALUABLE_PAPERS_ISSUED,  ‣ Valuable Papers Issued,57,2,False,VNĐ,31828758000000.0
2024-Q1,BS_CHARTER_CAPITAL,    • Charter Capital,65,3,False,VNĐ,18852157000000.0
2023-Q4,BS_TOTAL_ASSETS,Total Assets,1,1,False,VNĐ,674389660000000.0
2023-Q4,BS_CASH_AND_PRECIOUS_METALS,Cash and Precious Metals,2,1,False,VNĐ,7545270000000.0
2023-Q4,BS_BALANCES_WITH_SBV,Balances With SBV,3,1,False,VNĐ,12848045000000.0
2023-Q4,BS_PLACEMENTS_AND_LOANS_TO_CREDIT_INSTITUTIONS,Placements and Loans to Credit Institutions,4,1,False,VNĐ,50332971000000.0
2023-Q4,BS_TRADING_SECURITIES,Trading Securities,8,1,False,VNĐ,0.0
2023-Q4,BS_LOANS_TO_CUSTOMERS,Loans to Customers,12,1,False,VNĐ,475169108000000.0
2023-Q4,BS_PROVISION_LOANS_TO_CUSTOMERS,  ‣ Provision Loans to Customers,14,2,False,VNĐ,-7562014000000.0
2023-Q4,BS_FIXED_ASSETS,Fixed Assets,28,1,False,VNĐ,7269440000000.0
2023-Q4,BS_TOTAL_LIABILITIES,Total Liabilities,49,1,False,VNĐ,628655796000000.0
2023-Q4,BS_PLACEMENTS_AND_BORROWINGS_FROM_CREDIT_INSTITUTIONS,  ‣ Placements and Borrowings from Credit Institutions,51,2,False,VNĐ,37950111000000.0
2023-Q4,BS_CUSTOMER_DEPOSITS,  ‣ Customer Deposits,54,2,False,VNĐ,510744394000000.0
2023-Q4,BS_VALUABLE_PAPERS_ISSUED,  ‣ Valuable Papers Issued,57,2,False,VNĐ,28992491000000.0
2023-Q4,BS_CHARTER_CAPITAL,    • Charter Capital,65,3,False,VNĐ,18852157000000.0
2023-Q3,BS_TOTAL_ASSETS,Total Assets,1,1,False,VNĐ,651288299000000.0
2023-Q3,BS_CASH_AND_PRECIOUS_METALS,Cash and Precious Metals,2,1,False,VNĐ,10291802000000.0
2023-Q3,BS_BALANCES_WITH_SBV,Balances With SBV,3,1,False,VNĐ,13211925000000.0
2023-Q3,BS_PLACEMENTS_AND_LOANS_TO_CREDIT_INSTITUTIONS,Placements and Loans to Credit Institutions,4,1,False,VNĐ,46344192000000.0
2023-Q3,BS_TRADING_SECURITIES,Trading Securities,8,1,False,VNĐ,3000000000000.0
2023-Q3,BS_LOANS_TO_CUSTOMERS,Loans to Customers,12,1,False,VNĐ,465403139000000.0
2023-Q3,BS_PROVISION_LOANS_TO_CUSTOMERS,  ‣ Provision Loans to Customers,14,2,False,VNĐ,-6670222000000.0
2023-Q3,BS_FIXED_ASSETS,Fixed Assets,28,1,False,VNĐ,7221610000000.0
2023-Q3,BS_TOTAL_LIABILITIES,Total Liabilities,49,1,False,VNĐ,607578312000000.0
2023-Q3,BS_PLACEMENTS_AND_BORROWINGS_FROM_CREDIT_INSTITUTIONS,  ‣ Placements and Borrowings from Credit Institutions,51,2,False,VNĐ,29634107000000.0
2023-Q3,BS_CUSTOMER_DEPOSITS,  ‣ Customer Deposits,54,2,False,VNĐ,507833203000000.0
2023-Q3,BS_VALUABLE_PAPERS_ISSUED,  ‣ Valuable Papers Issued,57,2,False,VNĐ,27098777000000.0
2023-Q3,BS_CHARTER_CAPITAL,    • Charter Capital,65,3,False,VNĐ,18852157000000.0
2023-Q2,BS_TOTAL_ASSETS,Total Assets,1,1,False,VNĐ,622177662000000.0
2023-Q2,BS_CASH_AND_PRECIOUS_METALS,Cash and Precious Metals,2,1,False,VNĐ,10561798000000.0
2023-Q2,BS_BALANCES_WITH_SBV,Balances With SBV,3,1,False,VNĐ,13551669000000.0
2023-Q2,BS_PLACEMENTS_AND_LOANS_TO_CREDIT_INSTITUTIONS,Placements and Loans to Credit Institutions,4,1,False,VNĐ,38192614000000.0
2023-Q2,BS_TRADING_SECURITIES,Trading Securities,8,1,False,VNĐ,0.0
2023-Q2,BS_LOANS_TO_CUSTOMERS,Loans to Customers,12,1,False,VNĐ,454128489000000.0
2023-Q2,BS_PROVISION_LOANS_TO_CUSTOMERS,  ‣ Provision Loans to Customers,14,2,False,VNĐ,-6342139000000.0
2023-Q2,BS_FIXED_ASSETS,Fixed Assets,28,1,False,VNĐ,7125339000000.0
2023-Q2,BS_TOTAL_LIABILITIES,Total Liabilities,49,1,False,VNĐ,580384648000000.0
2023-Q2,BS_PLACEMENTS_AND_BORROWINGS_FROM_CREDIT_INSTITUTIONS,  ‣ Placements and Borrowings from Credit Institutions,51,2,False,VNĐ,18123332000000.0
2023-Q2,BS_CUSTOMER_DEPOSITS,  ‣ Customer Deposits,54,2,False,VNĐ,501583494000000.0
2023-Q2,BS_VALUABLE_PAPERS_ISSUED,  ‣ Valuable Papers Issued,57,2,False,VNĐ,29066642000000.0
2023-Q2,BS_CHARTER_CAPITAL,    • Charter Capital,65,3,False,VNĐ,18852157000000.0
2023-Q1,BS_TOTAL_ASSETS,Total Assets,1,1,False,VNĐ,596693994000000.0
2023-Q1,BS_CASH_AND_PRECIOUS_METALS,Cash and Precious Metals,2,1,False,VNĐ,10542632000000.0
2023-Q1,BS_BALANCES_WITH_SBV,Balances With SBV,3,1,False,VNĐ,12581859000000.0
2023-Q1,BS_PLACEMENTS_AND_LOANS_TO_CREDIT_INSTITUTIONS,Placements and Loans to Credit Institutions,4,1,False,VNĐ,31349277000000.0
2023-Q1,BS_TRADING_SECURITIES,Trading Securities,8,1,False,VNĐ,0.0
2023-Q1,BS_LOANS_TO_CUSTOMERS,Loans to Customers,12,1,False,VNĐ,442922318000000.0
2023-Q1,BS_PROVISION_LOANS_TO_CUSTOMERS,  ‣ Provision Loans to Customers,14,2,False,VNĐ,-5546708000000.0
2023-Q1,BS_FIXED_ASSETS,Fixed Assets,28,1,False,VNĐ,7326557000000.0
2023-Q1,BS_TOTAL_LIABILITIES,Total Liabilities,49,1,False,VNĐ,556136201000000.0
2023-Q1,BS_PLACEMENTS_AND_BORROWINGS_FROM_CREDIT_INSTITUTIONS,  ‣ Placements and Borrowings from Credit Institutions,51,2,False,VNĐ,24549053000000.0
2023-Q1,BS_CUSTOMER_DEPOSITS,  ‣ Customer Deposits,54,2,False,VNĐ,478789403000000.0
2023-Q1,BS_VALUABLE_PAPERS_ISSUED,  ‣ Valuable Papers Issued,57,2,False,VNĐ,25857130000000.0
2023-Q1,BS_CHARTER_CAPITAL,    • Charter Capital,65,3,False,VNĐ,18852157000000.0
2022-Q4,BS_TOTAL_ASSETS,Total Assets,1,1,False,VNĐ,591994201000000.0
2022-Q4,BS_CASH_AND_PRECIOUS_METALS,Cash and Precious Metals,2,1,False,VNĐ,7849898000000.0
2022-Q4,BS_BALANCES_WITH_SBV,Balances With SBV,3,1,False,VNĐ,12286117000000.0
2022-Q4,BS_PLACEMENTS_AND_LOANS_TO_CREDIT_INSTITUTIONS,Placements and Loans to Credit Institutions,4,1,False,VNĐ,25293585000000.0
2022-Q4,BS_TRADING_SECURITIES,Trading Securities,8,1,False,VNĐ,0.0
2022-Q4,BS_LOANS_TO_CUSTOMERS,Loans to Customers,12,1,False,VNĐ,432997593000000.0
2022-Q4,BS_PROVISION_LOANS_TO_CUSTOMERS,  ‣ Provision Loans to Customers,14,2,False,VNĐ,-5630184000000.0
2022-Q4,BS_FIXED_ASSETS,Fixed Assets,28,1,False,VNĐ,7547677000000.0
2022-Q4,BS_TOTAL_LIABILITIES,Total Liabilities,49,1,False,VNĐ,553367205000000.0
2022-Q4,BS_PLACEMENTS_AND_BORROWINGS_FROM_CREDIT_INSTITUTIONS,  ‣ Placements and Borrowings from Credit Institutions,51,2,False,VNĐ,28430448000000.0
2022-Q4,BS_CUSTOMER_DEPOSITS,  ‣ Customer Deposits,54,2,False,VNĐ,454740496000000.0
2022-Q4,BS_VALUABLE_PAPERS_ISSUED,  ‣ Valuable Papers Issued,57,2,False,VNĐ,25820307000000.0
2022-Q4,BS_CHARTER_CAPITAL,    • Charter Capital,65,3,False,VNĐ,18852157000000.0
2022-Q3,BS_TOTAL_ASSETS,Total Assets,1,1,False,VNĐ,564192851000000.0
2022-Q3,BS_CASH_AND_PRECIOUS_METALS,Cash and Precious Metals,2,1,False,VNĐ,10350463000000.0
2022-Q3,BS_BALANCES_WITH_SBV,Balances With SBV,3,1,False,VNĐ,12568881000000.0
2022-Q3,BS_PLACEMENTS_AND_LOANS_TO_CREDIT_INSTITUTIONS,Placements and Loans to Credit Institutions,4,1,False,VNĐ,18024063000000.0
2022-Q3,BS_TRADING_SECURITIES,Trading Securities,8,1,False,VNĐ,0.0
2022-Q3,BS_LOANS_TO_CUSTOMERS,Loans to Customers,12,1,False,VNĐ,414922969000000.0
2022-Q3,BS_PROVISION_LOANS_TO_CUSTOMERS,  ‣ Provision Loans to Customers,14,2,False,VNĐ,-5825084000000.0
2022-Q3,BS_FIXED_ASSETS,Fixed Assets,28,1,False,VNĐ,7966533000000.0
2022-Q3,BS_TOTAL_LIABILITIES,Total Liabilities,49,1,False,VNĐ,527252603000000.0
2022-Q3,BS_PLACEMENTS_AND_BORROWINGS_FROM_CREDIT_INSTITUTIONS,  ‣ Placements and Borrowings from Credit Institutions,51,2,False,VNĐ,17692685000000.0
2022-Q3,BS_CUSTOMER_DEPOSITS,  ‣ Customer Deposits,54,2,False,VNĐ,457890375000000.0
2022-Q3,BS_VALUABLE_PAPERS_ISSUED,  ‣ Valuable Papers Issued,57,2,False,VNĐ,26674466000000.0
2022-Q3,BS_CHARTER_CAPITAL,    • Charter Capital,65,3,False,VNĐ,18852157000000.0
2022-Q2,BS_TOTAL_ASSETS,Total Assets,1,1,False,VNĐ,551422119000000.0
2022-Q2,BS_CASH_AND_PRECIOUS_METALS,Cash and Precious Metals,2,1,False,VNĐ,9744491000000.0
2022-Q2,BS_BALANCES_WITH_SBV,Balances With SBV,3,1,False,VNĐ,12626666000000.0
2022-Q2,BS_PLACEMENTS_AND_LOANS_TO_CREDIT_INSTITUTIONS,Placements and Loans to Credit Institutions,4,1,False,VNĐ,17876787000000.0
2022-Q2,BS_TRADING_SECURITIES,Trading Securities,8,1,False,VNĐ,0.0
2022-Q2,BS_LOANS_TO_CUSTOMERS,Loans to Customers,12,1,False,VNĐ,407251198000000.0
2022-Q2,BS_PROVISION_LOANS_TO_CUSTOMERS,  ‣ Provision Loans to Customers,14,2,False,VNĐ,-7310435000000.0
2022-Q2,BS_FIXED_ASSETS,Fixed Assets,28,1,False,VNĐ,7847586000000.0
2022-Q2,BS_TOTAL_LIABILITIES,Total Liabilities,49,1,False,VNĐ,515623994000000.0
2022-Q2,BS_PLACEMENTS_AND_BORROWINGS_FROM_CREDIT_INSTITUTIONS,  ‣ Placements and Borrowings from Credit Institutions,51,2,False,VNĐ,14376406000000.0
2022-Q2,BS_CUSTOMER_DEPOSITS,  ‣ Customer Deposits,54,2,False,VNĐ,456417837000000.0
2022-Q2,BS_VALUABLE_PAPERS_ISSUED,  ‣ Valuable Papers Issued,57,2,False,VNĐ,22066268000000.0
2022-Q2,BS_CHARTER_CAPITAL,    • Charter Capital,65,3,False,VNĐ,18852157000000.0
2022-Q1,BS_TOTAL_ASSETS,Total Assets,1,1,False,VNĐ,552539011000000.0
2022-Q1,BS_CASH_AND_PRECIOUS_METALS,Cash and Precious Metals,2,1,False,VNĐ,9874000000000.0
2022-Q1,BS_BALANCES_WITH_SBV,Balances With SBV,3,1,False,VNĐ,12383902000000.0
2022-Q1,BS_PLACEMENTS_AND_LOANS_TO_CREDIT_INSTITUTIONS,Placements and Loans to Credit Institutions,4,1,False,VNĐ,13222053000000.0
2022-Q1,BS_TRADING_SECURITIES,Trading Securities,8,1,False,VNĐ,0.0
2022-Q1,BS_LOANS_TO_CUSTOMERS,Loans to Customers,12,1,False,VNĐ,405918816000000.0
2022-Q1,BS_PROVISION_LOANS_TO_CUSTOMERS,  ‣ Provision Loans to Customers,14,2,False,VNĐ,-7109006000000.0
2022-Q1,BS_FIXED_ASSETS,Fixed Assets,28,1,False,VNĐ,8096330000000.0
2022-Q1,BS_TOTAL_LIABILITIES,Total Liabilities,49,1,False,VNĐ,517057918000000.0
2022-Q1,BS_PLACEMENTS_AND_BORROWINGS_FROM_CREDIT_INSTITUTIONS,  ‣ Placements and Borrowings from Credit Institutions,51,2,False,VNĐ,17660693000000.0
2022-Q1,BS_CUSTOMER_DEPOSITS,  ‣ Customer Deposits,54,2,False,VNĐ,457791917000000.0
2022-Q1,BS_VALUABLE_PAPERS_ISSUED,  ‣ Valuable Papers Issued,57,2,False,VNĐ,20588726000000.0
2022-Q1,BS_CHARTER_CAPITAL,    • Charter Capital,65,3,False,VNĐ,18852157000000.0
2021-Q4,BS_TOTAL_ASSETS,Total Assets,1,1,False,VNĐ,521196331000000.0
2021-Q4,BS_CASH_AND_PRECIOUS_METALS,Cash and Precious Metals,2,1,False,VNĐ,8222365000000.0
2021-Q4,BS_BALANCES_WITH_SBV,Balances With SBV,3,1,False,VNĐ,12169867000000.0
2021-Q4,BS_PLACEMENTS_AND_LOANS_TO_CREDIT_INSTITUTIONS,Placements and Loans to Credit Institutions,4,1,False,VNĐ,8353579000000.0
2021-Q4,BS_TRADING_SECURITIES,Trading Securities,8,1,False,VNĐ,0.0
2021-Q4,BS_LOANS_TO_CUSTOMERS,Loans to Customers,12,1,False,VNĐ,381012317000000.0
2021-Q4,BS_PROVISION_LOANS_TO_CUSTOMERS,  ‣ Provision Loans to Customers,14,2,False,VNĐ,-6917279000000.0
2021-Q4,BS_FIXED_ASSETS,Fixed Assets,28,1,False,VNĐ,8195276000000.0
2021-Q4,BS_TOTAL_LIABILITIES,Total Liabilities,49,1,False,VNĐ,486934994000000.0
2021-Q4,BS_PLACEMENTS_AND_BORROWINGS_FROM_CREDIT_INSTITUTIONS,  ‣ Placements and Borrowings from Credit Institutions,51,2,False,VNĐ,15229099000000.0
2021-Q4,BS_CUSTOMER_DEPOSITS,  ‣ Customer Deposits,54,2,False,VNĐ,427386772000000.0
2021-Q4,BS_VALUABLE_PAPERS_ISSUED,  ‣ Valuable Papers Issued,57,2,False,VNĐ,21103779000000.0
2021-Q4,BS_CHARTER_CAPITAL,    • Charter Capital,65,3,False,VNĐ,18852157000000.0
2021-Q3,BS_TOTAL_ASSETS,Total Assets,1,1,False,VNĐ,494294982000000.0
2021-Q3,BS_CASH_AND_PRECIOUS_METALS,Cash and Precious Metals,2,1,False,VNĐ,11464379000000.0
2021-Q3,BS_BALANCES_WITH_SBV,Balances With SBV,3,1,False,VNĐ,12854927000000.0
2021-Q3,BS_PLACEMENTS_AND_LOANS_TO_CREDIT_INSTITUTIONS,Placements and Loans to Credit Institutions,4,1,False,VNĐ,7772007000000.0
2021-Q3,BS_TRADING_SECURITIES,Trading Securities,8,1,False,VNĐ,0.0
2021-Q3,BS_LOANS_TO_CUSTOMERS,Loans to Customers,12,1,False,VNĐ,350191352000000.0
2021-Q3,BS_PROVISION_LOANS_TO_CUSTOMERS,  ‣ Provision Loans to Customers,14,2,False,VNĐ,-6248951000000.0
2021-Q3,BS_FIXED_ASSETS,Fixed Assets,28,1,False,VNĐ,8193844000000.0
2021-Q3,BS_TOTAL_LIABILITIES,Total Liabilities,49,1,False,VNĐ,460911837000000.0
2021-Q3,BS_PLACEMENTS_AND_BORROWINGS_FROM_CREDIT_INSTITUTIONS,  ‣ Placements and Borrowings from Credit Institutions,51,2,False,VNĐ,6958706000000.0
2021-Q3,BS_CUSTOMER_DEPOSITS,  ‣ Customer Deposits,54,2,False,VNĐ,418839499000000.0
2021-Q3,BS_VALUABLE_PAPERS_ISSUED,  ‣ Valuable Papers Issued,57,2,False,VNĐ,16742770000000.0
2021-Q3,BS_CHARTER_CAPITAL,    • Charter Capital,65,3,False,VNĐ,18852157000000.0
2021-Q2,BS_TOTAL_ASSETS,Total Assets,1,1,False,VNĐ,504533717000000.0
2021-Q2,BS_CASH_AND_PRECIOUS_METALS,Cash and Precious Metals,2,1,False,VNĐ,9907548000000.0
2021-Q2,BS_BALANCES_WITH_SBV,Balances With SBV,3,1,False,VNĐ,11367139000000.0
2021-Q2,BS_PLACEMENTS_AND_LOANS_TO_CREDIT_INSTITUTIONS,Placements and Loans to Credit Institutions,4,1,False,VNĐ,13541640000000.0
2021-Q2,BS_TRADING_SECURITIES,Trading Securities,8,1,False,VNĐ,0.0
2021-Q2,BS_LOANS_TO_CUSTOMERS,Loans to Customers,12,1,False,VNĐ,355342446000000.0
2021-Q2,BS_PROVISION_LOANS_TO_CUSTOMERS,  ‣ Provision Loans to Customers,14,2,False,VNĐ,-5766847000000.0
2021-Q2,BS_FIXED_ASSETS,Fixed Assets,28,1,False,VNĐ,8475762000000.0
2021-Q2,BS_TOTAL_LIABILITIES,Total Liabilities,49,1,False,VNĐ,474149926000000.0
2021-Q2,BS_PLACEMENTS_AND_BORROWINGS_FROM_CREDIT_INSTITUTIONS,  ‣ Placements and Borrowings from Credit Institutions,51,2,False,VNĐ,8855610000000.0
2021-Q2,BS_CUSTOMER_DEPOSITS,  ‣ Customer Deposits,54,2,False,VNĐ,433943764000000.0
2021-Q2,BS_VALUABLE_PAPERS_ISSUED,  ‣ Valuable Papers Issued,57,2,False,VNĐ,13706978000000.0
2021-Q2,BS_CHARTER_CAPITAL,    • Charter Capital,65,3,False,VNĐ,18852157000000.0
2021-Q1,BS_TOTAL_ASSETS,Total Assets,1,1,False,VNĐ,497427679000000.0
2021-Q1,BS_CASH_AND_PRECIOUS_METALS,Cash and Precious Metals,2,1,False,VNĐ,9120193000000.0
2021-Q1,BS_BALANCES_WITH_SBV,Balances With SBV,3,1,False,VNĐ,11896701000000.0
2021-Q1,BS_PLACEMENTS_AND_LOANS_TO_CREDIT_INSTITUTIONS,Placements and Loans to Credit Institutions,4,1,False,VNĐ,8631605000000.0
2021-Q1,BS_TRADING_SECURITIES,Trading Securities,8,1,False,VNĐ,0.0
2021-Q1,BS_LOANS_TO_CUSTOMERS,Loans to Customers,12,1,False,VNĐ,351318425000000.0
2021-Q1,BS_PROVISION_LOANS_TO_CUSTOMERS,  ‣ Provision Loans to Customers,14,2,False,VNĐ,-5656168000000.0
2021-Q1,BS_FIXED_ASSETS,Fixed Assets,28,1,False,VNĐ,8473407000000.0
2021-Q1,BS_TOTAL_LIABILITIES,Total Liabilities,49,1,False,VNĐ,467693809000000.0
2021-Q1,BS_PLACEMENTS_AND_BORROWINGS_FROM_CREDIT_INSTITUTIONS,  ‣ Placements and Borrowings from Credit Institutions,51,2,False,VNĐ,8462783000000.0
2021-Q1,BS_CUSTOMER_DEPOSITS,  ‣ Customer Deposits,54,2,False,VNĐ,431136898000000.0
2021-Q1,BS_VALUABLE_PAPERS_ISSUED,  ‣ Valuable Papers Issued,57,2,False,VNĐ,12867196000000.0
2021-Q1,BS_CHARTER_CAPITAL,    • Charter Capital,65,3,False,VNĐ,18852157000000.0
2020-Q4,BS_TOTAL_ASSETS,Total Assets,1,1,False,VNĐ,492636633000000.0
2020-Q4,BS_CASH_AND_PRECIOUS_METALS,Cash and Precious Metals,2,1,False,VNĐ,7678553000000.0
2020-Q4,BS_BALANCES_WITH_SBV,Balances With SBV,3,1,False,VNĐ,10052590000000.0
2020-Q4,BS_PLACEMENTS_AND_LOANS_TO_CREDIT_INSTITUTIONS,Placements and Loans to Credit Institutions,4,1,False,VNĐ,18397370000000.0
2020-Q4,BS_TRADING_SECURITIES,Trading Securities,8,1,False,VNĐ,0.0
2020-Q4,BS_LOANS_TO_CUSTOMERS,Loans to Customers,12,1,False,VNĐ,334854576000000.0
2020-Q4,BS_PROVISION_LOANS_TO_CUSTOMERS,  ‣ Provision Loans to Customers,14,2,False,VNĐ,-5413551000000.0
2020-Q4,BS_FIXED_ASSETS,Fixed Assets,28,1,False,VNĐ,8575424000000.0
2020-Q4,BS_TOTAL_LIABILITIES,Total Liabilities,49,1,False,VNĐ,463680391000000.0
2020-Q4,BS_PLACEMENTS_AND_BORROWINGS_FROM_CREDIT_INSTITUTIONS,  ‣ Placements and Borrowings from Credit Institutions,51,2,False,VNĐ,7880006000000.0
2020-Q4,BS_CUSTOMER_DEPOSITS,  ‣ Customer Deposits,54,2,False,VNĐ,427971850000000.0
2020-Q4,BS_VALUABLE_PAPERS_ISSUED,  ‣ Valuable Papers Issued,57,2,False,VNĐ,11144140000000.0
2020-Q4,BS_CHARTER_CAPITAL,    • Charter Capital,65,3,False,VNĐ,18852157000000.0
2020-Q3,BS_TOTAL_ASSETS,Total Assets,1,1,False,VNĐ,485212606000000.0
2020-Q3,BS_CASH_AND_PRECIOUS_METALS,Cash and Precious Metals,2,1,False,VNĐ,10408936000000.0
2020-Q3,BS_BALANCES_WITH_SBV,Balances With SBV,3,1,False,VNĐ,12059124000000.0
2020-Q3,BS_PLACEMENTS_AND_LOANS_TO_CREDIT_INSTITUTIONS,Placements and Loans to Credit Institutions,4,1,False,VNĐ,18315548000000.0
2020-Q3,BS_TRADING_SECURITIES,Trading Securities,8,1,False,VNĐ,0.0
2020-Q3,BS_LOANS_TO_CUSTOMERS,Loans to Customers,12,1,False,VNĐ,315149610000000.0
2020-Q3,BS_PROVISION_LOANS_TO_CUSTOMERS,  ‣ Provision Loans to Customers,14,2,False,VNĐ,-5064936000000.0
2020-Q3,BS_FIXED_ASSETS,Fixed Assets,28,1,False,VNĐ,8378155000000.0
2020-Q3,BS_TOTAL_LIABILITIES,Total Liabilities,49,1,False,VNĐ,457008004000000.0
2020-Q3,BS_PLACEMENTS_AND_BORROWINGS_FROM_CREDIT_INSTITUTIONS,  ‣ Placements and Borrowings from Credit Institutions,51,2,False,VNĐ,3248072000000.0
2020-Q3,BS_CUSTOMER_DEPOSITS,  ‣ Customer Deposits,54,2,False,VNĐ,428953971000000.0
2020-Q3,BS_VALUABLE_PAPERS_ISSUED,  ‣ Valuable Papers Issued,57,2,False,VNĐ,9480003000000.0
2020-Q3,BS_CHARTER_CAPITAL,    • Charter Capital,65,3,False,VNĐ,18852157000000.0
2020-Q2,BS_TOTAL_ASSETS,Total Assets,1,1,False,VNĐ,481897995000000.0
2020-Q2,BS_CASH_AND_PRECIOUS_METALS,Cash and Precious Metals,2,1,False,VNĐ,8415378000000.0
2020-Q2,BS_BALANCES_WITH_SBV,Balances With SBV,3,1,False,VNĐ,14113254000000.0
2020-Q2,BS_PLACEMENTS_AND_LOANS_TO_CREDIT_INSTITUTIONS,Placements and Loans to Credit Institutions,4,1,False,VNĐ,26355210000000.0
2020-Q2,BS_TRADING_SECURITIES,Trading Securities,8,1,False,VNĐ,0.0
2020-Q2,BS_LOANS_TO_CUSTOMERS,Loans to Customers,12,1,False,VNĐ,306059137000000.0
2020-Q2,BS_PROVISION_LOANS_TO_CUSTOMERS,  ‣ Provision Loans to Customers,14,2,False,VNĐ,-4635838000000.0
2020-Q2,BS_FIXED_ASSETS,Fixed Assets,28,1,False,VNĐ,8182222000000.0
2020-Q2,BS_TOTAL_LIABILITIES,Total Liabilities,49,1,False,VNĐ,454450293000000.0
2020-Q2,BS_PLACEMENTS_AND_BORROWINGS_FROM_CREDIT_INSTITUTIONS,  ‣ Placements and Borrowings from Credit Institutions,51,2,False,VNĐ,3791656000000.0
2020-Q2,BS_CUSTOMER_DEPOSITS,  ‣ Customer Deposits,54,2,False,VNĐ,426236433000000.0
2020-Q2,BS_VALUABLE_PAPERS_ISSUED,  ‣ Valuable Papers Issued,57,2,False,VNĐ,9481519000000.0
2020-Q2,BS_CHARTER_CAPITAL,    • Charter Capital,65,3,False,VNĐ,18852157000000.0
2020-Q1,BS_TOTAL_ASSETS,Total Assets,1,1,False,VNĐ,459076447000000.0
2020-Q1,BS_CASH_AND_PRECIOUS_METALS,Cash and Precious Metals,2,1,False,VNĐ,10993565000000.0
2020-Q1,BS_BALANCES_WITH_SBV,Balances With SBV,3,1,False,VNĐ,11426800000000.0
2020-Q1,BS_PLACEMENTS_AND_LOANS_TO_CREDIT_INSTITUTIONS,Placements and Loans to Credit Institutions,4,1,False,VNĐ,8354076000000.0
2020-Q1,BS_TRADING_SECURITIES,Trading Securities,8,1,False,VNĐ,363600000000.0
2020-Q1,BS_LOANS_TO_CUSTOMERS,Loans to Customers,12,1,False,VNĐ,302176406000000.0
2020-Q1,BS_PROVISION_LOANS_TO_CUSTOMERS,  ‣ Provision Loans to Customers,14,2,False,VNĐ,-4122324000000.0
2020-Q1,BS_FIXED_ASSETS,Fixed Assets,28,1,False,VNĐ,8215636000000.0
2020-Q1,BS_TOTAL_LIABILITIES,Total Liabilities,49,1,False,VNĐ,431529902000000.0
2020-Q1,BS_PLACEMENTS_AND_BORROWINGS_FROM_CREDIT_INSTITUTIONS,  ‣ Placements and Borrowings from Credit Institutions,51,2,False,VNĐ,3844034000000.0
2020-Q1,BS_CUSTOMER_DEPOSITS,  ‣ Customer Deposits,54,2,False,VNĐ,405709054000000.0
2020-Q1,BS_VALUABLE_PAPERS_ISSUED,  ‣ Valuable Papers Issued,57,2,False,VNĐ,9485396000000.0
2020-Q1,BS_CHARTER_CAPITAL,    • Charter Capital,65,3,False,VNĐ,18852157000000.0
2019-Q4,BS_TOTAL_ASSETS,Total Assets,1,1,False,VNĐ,453581057000000.0
2019-Q4,BS_CASH_AND_PRECIOUS_METALS,Cash and Precious Metals,2,1,False,VNĐ,8269373000000.0
2019-Q4,BS_BALANCES_WITH_SBV,Balances With SBV,3,1,False,VNĐ,12109861000000.0
2019-Q4,BS_PLACEMENTS_AND_LOANS_TO_CREDIT_INSTITUTIONS,Placements and Loans to Credit Institutions,4,1,False,VNĐ,13150915000000.0
2019-Q4,BS_TRADING_SECURITIES,Trading Securities,8,1,False,VNĐ,0.0
2019-Q4,BS_LOANS_TO_CUSTOMERS,Loans to Customers,12,1,False,VNĐ,292058715000000.0
2019-Q4,BS_PROVISION_LOANS_TO_CUSTOMERS,  ‣ Provision Loans to Customers,14,2,False,VNĐ,-3971059000000.0
2019-Q4,BS_FIXED_ASSETS,Fixed Assets,28,1,False,VNĐ,8289968000000.0
2019-Q4,BS_TOTAL_LIABILITIES,Total Liabilities,49,1,False,VNĐ,426839417000000.0
2019-Q4,BS_PLACEMENTS_AND_BORROWINGS_FROM_CREDIT_INSTITUTIONS,  ‣ Placements and Borrowings from Credit Institutions,51,2,False,VNĐ,3525560000000.0
2019-Q4,BS_CUSTOMER_DEPOSITS,  ‣ Customer Deposits,54,2,False,VNĐ,400844380000000.0
2019-Q4,BS_VALUABLE_PAPERS_ISSUED,  ‣ Valuable Papers Issued,57,2,False,VNĐ,9490048000000.0
2019-Q4,BS_CHARTER_CAPITAL,    • Charter Capital,65,3,False,VNĐ,18852157000000.0
2019-Q3,BS_TOTAL_ASSETS,Total Assets,1,1,False,VNĐ,450200240000000.0
2019-Q3,BS_CASH_AND_PRECIOUS_METALS,Cash and Precious Metals,2,1,False,VNĐ,10755152000000.0
2019-Q3,BS_BALANCES_WITH_SBV,Balances With SBV,3,1,False,VNĐ,10449141000000.0
2019-Q3,BS_PLACEMENTS_AND_LOANS_TO_CREDIT_INSTITUTIONS,Placements and Loans to Credit Institutions,4,1,False,VNĐ,17792204000000.0
2019-Q3,BS_TRADING_SECURITIES,Trading Securities,8,1,False,VNĐ,465300000000.0
2019-Q3,BS_LOANS_TO_CUSTOMERS,Loans to Customers,12,1,False,VNĐ,286378842000000.0
2019-Q3,BS_PROVISION_LOANS_TO_CUSTOMERS,  ‣ Provision Loans to Customers,14,2,False,VNĐ,-4097907000000.0
2019-Q3,BS_FIXED_ASSETS,Fixed Assets,28,1,False,VNĐ,8233474000000.0
2019-Q3,BS_TOTAL_LIABILITIES,Total Liabilities,49,1,False,VNĐ,423970384000000.0
2019-Q3,BS_PLACEMENTS_AND_BORROWINGS_FROM_CREDIT_INSTITUTIONS,  ‣ Placements and Borrowings from Credit Institutions,51,2,False,VNĐ,2991439000000.0
2019-Q3,BS_CUSTOMER_DEPOSITS,  ‣ Customer Deposits,54,2,False,VNĐ,399369977000000.0
2019-Q3,BS_VALUABLE_PAPERS_ISSUED,  ‣ Valuable Papers Issued,57,2,False,VNĐ,9512090000000.0
2019-Q3,BS_CHARTER_CAPITAL,    • Charter Capital,65,3,False,VNĐ,18852157000000.0
2019-Q2,BS_TOTAL_ASSETS,Total Assets,1,1,False,VNĐ,439170151000000.0
2019-Q2,BS_CASH_AND_PRECIOUS_METALS,Cash and Precious Metals,2,1,False,VNĐ,8544238000000.0
2019-Q2,BS_BALANCES_WITH_SBV,Balances With SBV,3,1,False,VNĐ,11045526000000.0
2019-Q2,BS_PLACEMENTS_AND_LOANS_TO_CREDIT_INSTITUTIONS,Placements and Loans to Credit Institutions,4,1,False,VNĐ,16969472000000.0
2019-Q2,BS_TRADING_SECURITIES,Trading Securities,8,1,False,VNĐ,0.0
2019-Q2,BS_LOANS_TO_CUSTOMERS,Loans to Customers,12,1,False,VNĐ,275511929000000.0
2019-Q2,BS_PROVISION_LOANS_TO_CUSTOMERS,  ‣ Provision Loans to Customers,14,2,False,VNĐ,-3908225000000.0
2019-Q2,BS_FIXED_ASSETS,Fixed Assets,28,1,False,VNĐ,8063643000000.0
2019-Q2,BS_TOTAL_LIABILITIES,Total Liabilities,49,1,False,VNĐ,413671157000000.0
2019-Q2,BS_PLACEMENTS_AND_BORROWINGS_FROM_CREDIT_INSTITUTIONS,  ‣ Placements and Borrowings from Credit Institutions,51,2,False,VNĐ,3013869000000.0
2019-Q2,BS_CUSTOMER_DEPOSITS,  ‣ Customer Deposits,54,2,False,VNĐ,388242919000000.0
2019-Q2,BS_VALUABLE_PAPERS_ISSUED,  ‣ Valuable Papers Issued,57,2,False,VNĐ,9557639000000.0
2019-Q2,BS_CHARTER_CAPITAL,    • Charter Capital,65,3,False,VNĐ,18852157000000.0
2019-Q1,BS_TOTAL_ASSETS,Total Assets,1,1,False,VNĐ,425033040000000.0
2019-Q1,BS_CASH_AND_PRECIOUS_METALS,Cash and Precious Metals,2,1,False,VNĐ,9634837000000.0
2019-Q1,BS_BALANCES_WITH_SBV,Balances With SBV,3,1,False,VNĐ,10502428000000.0
2019-Q1,BS_PLACEMENTS_AND_LOANS_TO_CREDIT_INSTITUTIONS,Placements and Loans to Credit Institutions,4,1,False,VNĐ,9531398000000.0
2019-Q1,BS_TRADING_SECURITIES,Trading Securities,8,1,False,VNĐ,0.0
2019-Q1,BS_LOANS_TO_CUSTOMERS,Loans to Customers,12,1,False,VNĐ,267225888000000.0
2019-Q1,BS_PROVISION_LOANS_TO_CUSTOMERS,  ‣ Provision Loans to Customers,14,2,False,VNĐ,-3794434000000.0
2019-Q1,BS_FIXED_ASSETS,Fixed Assets,28,1,False,VNĐ,8288292000000.0
2019-Q1,BS_TOTAL_LIABILITIES,Total Liabilities,49,1,False,VNĐ,399555802000000.0
2019-Q1,BS_PLACEMENTS_AND_BORROWINGS_FROM_CREDIT_INSTITUTIONS,  ‣ Placements and Borrowings from Credit Institutions,51,2,False,VNĐ,3215141000000.0
2019-Q1,BS_CUSTOMER_DEPOSITS,  ‣ Customer Deposits,54,2,False,VNĐ,377222877000000.0
2019-Q1,BS_VALUABLE_PAPERS_ISSUED,  ‣ Valuable Papers Issued,57,2,False,VNĐ,8057776000000.0
2019-Q1,BS_CHARTER_CAPITAL,    • Charter Capital,65,3,False,VNĐ,18852157000000.0
2018-Q4,BS_TOTAL_ASSETS,Total Assets,1,1,False,VNĐ,406040598000000.0
2018-Q4,BS_CASH_AND_PRECIOUS_METALS,Cash and Precious Metals,2,1,False,VNĐ,6379549000000.0
2018-Q4,BS_BALANCES_WITH_SBV,Balances With SBV,3,1,False,VNĐ,9611502000000.0
2018-Q4,BS_PLACEMENTS_AND_LOANS_TO_CREDIT_INSTITUTIONS,Placements and Loans to Credit Institutions,4,1,False,VNĐ,4822454000000.0
2018-Q4,BS_TRADING_SECURITIES,Trading Securities,8,1,False,VNĐ,0.0
2018-Q4,BS_LOANS_TO_CUSTOMERS,Loans to Customers,12,1,False,VNĐ,253100111000000.0
2018-Q4,BS_PROVISION_LOANS_TO_CUSTOMERS,  ‣ Provision Loans to Customers,14,2,False,VNĐ,-3522642000000.0
2018-Q4,BS_FIXED_ASSETS,Fixed Assets,28,1,False,VNĐ,8249652000000.0
2018-Q4,BS_TOTAL_LIABILITIES,Total Liabilities,49,1,False,VNĐ,381408232000000.0
2018-Q4,BS_PLACEMENTS_AND_BORROWINGS_FROM_CREDIT_INSTITUTIONS,  ‣ Placements and Borrowings from Credit Institutions,51,2,False,VNĐ,7491655000000.0
2018-Q4,BS_CUSTOMER_DEPOSITS,  ‣ Customer Deposits,54,2,False,VNĐ,349197426000000.0
2018-Q4,BS_VALUABLE_PAPERS_ISSUED,  ‣ Valuable Papers Issued,57,2,False,VNĐ,8065909000000.0
2018-Q4,BS_CHARTER_CAPITAL,    • Charter Capital,65,3,False,VNĐ,18852157000000.0
2018-Q3,BS_TOTAL_ASSETS,Total Assets,1,1,False,VNĐ,403602479000000.0
2018-Q3,BS_CASH_AND_PRECIOUS_METALS,Cash and Precious Metals,2,1,False,VNĐ,9619987000000.0
2018-Q3,BS_BALANCES_WITH_SBV,Balances With SBV,3,1,False,VNĐ,10105235000000.0
2018-Q3,BS_PLACEMENTS_AND_LOANS_TO_CREDIT_INSTITUTIONS,Placements and Loans to Credit Institutions,4,1,False,VNĐ,1855932000000.0
2018-Q3,BS_TRADING_SECURITIES,Trading Securities,8,1,False,VNĐ,0.0
2018-Q3,BS_LOANS_TO_CUSTOMERS,Loans to Customers,12,1,False,VNĐ,249548038000000.0
2018-Q3,BS_PROVISION_LOANS_TO_CUSTOMERS,  ‣ Provision Loans to Customers,14,2,False,VNĐ,-3843862000000.0
2018-Q3,BS_FIXED_ASSETS,Fixed Assets,28,1,False,VNĐ,8108820000000.0
2018-Q3,BS_TOTAL_LIABILITIES,Total Liabilities,49,1,False,VNĐ,379821584000000.0
2018-Q3,BS_PLACEMENTS_AND_BORROWINGS_FROM_CREDIT_INSTITUTIONS,  ‣ Placements and Borrowings from Credit Institutions,51,2,False,VNĐ,4402681000000.0
2018-Q3,BS_CUSTOMER_DEPOSITS,  ‣ Customer Deposits,54,2,False,VNĐ,357219509000000.0
2018-Q3,BS_VALUABLE_PAPERS_ISSUED,  ‣ Valuable Papers Issued,57,2,False,VNĐ,8120626000000.0
2018-Q3,BS_CHARTER_CAPITAL,    • Charter Capital,65,3,False,VNĐ,18852157000000.0
2018-Q2,BS_TOTAL_ASSETS,Total Assets,1,1,False,VNĐ,400686351000000.0
2018-Q2,BS_CASH_AND_PRECIOUS_METALS,Cash and Precious Metals,2,1,False,VNĐ,8268519000000.0
2018-Q2,BS_BALANCES_WITH_SBV,Balances With SBV,3,1,False,VNĐ,9285495000000.0
2018-Q2,BS_PLACEMENTS_AND_LOANS_TO_CREDIT_INSTITUTIONS,Placements and Loans to Credit Institutions,4,1,False,VNĐ,6812672000000.0
2018-Q2,BS_TRADING_SECURITIES,Trading Securities,8,1,False,VNĐ,63250000000.0
2018-Q2,BS_LOANS_TO_CUSTOMERS,Loans to Customers,12,1,False,VNĐ,243564981000000.0
2018-Q2,BS_PROVISION_LOANS_TO_CUSTOMERS,  ‣ Provision Loans to Customers,14,2,False,VNĐ,-3126078000000.0
2018-Q2,BS_FIXED_ASSETS,Fixed Assets,28,1,False,VNĐ,8151065000000.0
2018-Q2,BS_TOTAL_LIABILITIES,Total Liabilities,49,1,False,VNĐ,377037747000000.0
2018-Q2,BS_PLACEMENTS_AND_BORROWINGS_FROM_CREDIT_INSTITUTIONS,  ‣ Placements and Borrowings from Credit Institutions,51,2,False,VNĐ,3942875000000.0
2018-Q2,BS_CUSTOMER_DEPOSITS,  ‣ Customer Deposits,54,2,False,VNĐ,355860198000000.0
2018-Q2,BS_VALUABLE_PAPERS_ISSUED,  ‣ Valuable Papers Issued,57,2,False,VNĐ,8185488000000.0
2018-Q2,BS_CHARTER_CAPITAL,    • Charter Capital,65,3,False,VNĐ,18852157000000.0
2018-Q1,BS_TOTAL_ASSETS,Total Assets,1,1,False,VNĐ,381252451000000.0
2018-Q1,BS_CASH_AND_PRECIOUS_METALS,Cash and Precious Metals,2,1,False,VNĐ,8487885000000.0
2018-Q1,BS_BALANCES_WITH_SBV,Balances With SBV,3,1,False,VNĐ,8808307000000.0
2018-Q1,BS_PLACEMENTS_AND_LOANS_TO_CREDIT_INSTITUTIONS,Placements and Loans to Credit Institutions,4,1,False,VNĐ,5236374000000.0
2018-Q1,BS_TRADING_SECURITIES,Trading Securities,8,1,False,VNĐ,61545000000.0
2018-Q1,BS_LOANS_TO_CUSTOMERS,Loans to Customers,12,1,False,VNĐ,226593934000000.0
2018-Q1,BS_PROVISION_LOANS_TO_CUSTOMERS,  ‣ Provision Loans to Customers,14,2,False,VNĐ,-2847049000000.0
2018-Q1,BS_FIXED_ASSETS,Fixed Assets,28,1,False,VNĐ,8134708000000.0
2018-Q1,BS_TOTAL_LIABILITIES,Total Liabilities,49,1,False,VNĐ,357582010000000.0
2018-Q1,BS_PLACEMENTS_AND_BORROWINGS_FROM_CREDIT_INSTITUTIONS,  ‣ Placements and Borrowings from Credit Institutions,51,2,False,VNĐ,5387830000000.0
2018-Q1,BS_CUSTOMER_DEPOSITS,  ‣ Customer Deposits,54,2,False,VNĐ,339234749000000.0
2018-Q1,BS_VALUABLE_PAPERS_ISSUED,  ‣ Valuable Papers Issued,57,2,False,VNĐ,5564664000000.0
2018-Q1,BS_CHARTER_CAPITAL,    • Charter Capital,65,3,False,VNĐ,18852157000000.0
