time,refinance,discount,vnindex
2021-01-04,4.0,2.5,1120.47
2021-01-05,4.0,2.5,1132.55
2021-01-06,4.0,2.5,1143.21
2021-01-07,4.0,2.5,1156.49
2021-01-08,4.0,2.5,1167.69
2021-01-11,4.0,2.5,1184.89
2021-01-12,4.0,2.5,1192.28
2021-01-13,4.0,2.5,1186.05
2021-01-14,4.0,2.5,1187.4
2021-01-15,4.0,2.5,1194.2
2021-01-18,4.0,2.5,1191.94
2021-01-19,4.0,2.5,1131.0
2021-01-20,4.0,2.5,1134.68
2021-01-21,4.0,2.5,1164.21
2021-01-22,4.0,2.5,1166.78
2021-01-25,4.0,2.5,1166.05
2021-01-26,4.0,2.5,1136.12
2021-01-27,4.0,2.5,1097.17
2021-01-28,4.0,2.5,1023.94
2021-01-29,4.0,2.5,1056.61
2021-02-01,4.0,2.5,1035.51
2021-02-02,4.0,2.5,1075.53
2021-02-03,4.0,2.5,1111.29
2021-02-04,4.0,2.5,1112.19
2021-02-05,4.0,2.5,1126.91
2021-02-08,4.0,2.5,1083.18
2021-02-09,4.0,2.5,1114.93
2021-02-17,4.0,2.5,1155.78
2021-02-18,4.0,2.5,1174.38
2021-02-19,4.0,2.5,1173.5
2021-02-22,4.0,2.5,1175.04
2021-02-23,4.0,2.5,1177.64
2021-02-24,4.0,2.5,1162.01
2021-02-25,4.0,2.5,1165.43
2021-02-26,4.0,2.5,1168.47
2021-03-01,4.0,2.5,1186.17
2021-03-02,4.0,2.5,1186.61
2021-03-03,4.0,2.5,1186.95
2021-03-04,4.0,2.5,1168.52
2021-03-05,4.0,2.5,1168.69
2021-03-08,4.0,2.5,1168.27
2021-03-09,4.0,2.5,1161.97
2021-03-10,4.0,2.5,1170.08
2021-03-11,4.0,2.5,1181.73
2021-03-12,4.0,2.5,1181.56
2021-03-15,4.0,2.5,1184.56
2021-03-16,4.0,2.5,1179.9
2021-03-17,4.0,2.5,1186.09
2021-03-18,4.0,2.5,1200.94
2021-03-19,4.0,2.5,1194.05
2021-03-22,4.0,2.5,1194.43
2021-03-23,4.0,2.5,1183.45
2021-03-24,4.0,2.5,1161.81
2021-03-25,4.0,2.5,1163.1
2021-03-26,4.0,2.5,1162.21
2021-03-29,4.0,2.5,1175.68
2021-03-30,4.0,2.5,1186.36
2021-03-31,4.0,2.5,1191.44
2021-04-01,4.0,2.5,1216.1
2021-04-02,4.0,2.5,1224.45
2021-04-05,4.0,2.5,1236.05
2021-04-06,4.0,2.5,1239.96
2021-04-07,4.0,2.5,1242.38
2021-04-08,4.0,2.5,1234.89
2021-04-09,4.0,2.5,1231.66
2021-04-12,4.0,2.5,1252.45
2021-04-13,4.0,2.5,1248.33
2021-04-14,4.0,2.5,1255.87
2021-04-15,4.0,2.5,1247.25
2021-04-16,4.0,2.5,1238.71
2021-04-19,4.0,2.5,1260.58
2021-04-20,4.0,2.5,1268.28
2021-04-22,4.0,2.5,1227.82
2021-04-23,4.0,2.5,1248.53
2021-04-26,4.0,2.5,1215.77
2021-04-27,4.0,2.5,1219.75
2021-04-28,4.0,2.5,1229.55
2021-04-29,4.0,2.5,1239.39
2021-05-04,4.0,2.5,1242.2
2021-05-05,4.0,2.5,1256.43
2021-05-06,4.0,2.5,1250.57
2021-05-07,4.0,2.5,1241.81
2021-05-10,4.0,2.5,1259.58
2021-05-11,4.0,2.5,1256.04
2021-05-12,4.0,2.5,1269.09
2021-05-13,4.0,2.5,1261.99
2021-05-14,4.0,2.5,1266.36
2021-05-17,4.0,2.5,1258.7
2021-05-18,4.0,2.5,1252.68
2021-05-19,4.0,2.5,1262.49
2021-05-20,4.0,2.5,1278.22
2021-05-21,4.0,2.5,1283.93
2021-05-24,4.0,2.5,1297.98
2021-05-25,4.0,2.5,1308.58
2021-05-26,4.0,2.5,1316.7
2021-05-27,4.0,2.5,1303.57
2021-05-28,4.0,2.5,1320.46
2021-05-31,4.0,2.5,1328.05
2021-06-01,4.0,2.5,1337.78
2021-06-02,4.0,2.5,1340.78
2021-06-03,4.0,2.5,1364.28
2021-06-04,4.0,2.5,1374.05
2021-06-07,4.0,2.5,1358.78
2021-06-08,4.0,2.5,1319.88
2021-06-09,4.0,2.5,1332.9
2021-06-10,4.0,2.5,1323.58
2021-06-11,4.0,2.5,1351.74
2021-06-14,4.0,2.5,1361.72
2021-06-15,4.0,2.5,1367.36
2021-06-16,4.0,2.5,1356.52
2021-06-17,4.0,2.5,1359.92
2021-06-18,4.0,2.5,1377.77
2021-06-21,4.0,2.5,1372.63
2021-06-22,4.0,2.5,1379.97
2021-06-23,4.0,2.5,1376.87
2021-06-24,4.0,2.5,1379.72
2021-06-25,4.0,2.5,1390.12
2021-06-28,4.0,2.5,1405.81
2021-06-29,4.0,2.5,1410.04
2021-06-30,4.0,2.5,1408.55
2021-07-01,4.0,2.5,1417.08
2021-07-02,4.0,2.5,1420.27
2021-07-05,4.0,2.5,1411.13
2021-07-06,4.0,2.5,1354.79
2021-07-07,4.0,2.5,1388.55
2021-07-08,4.0,2.5,1374.68
2021-07-09,4.0,2.5,1347.14
2021-07-12,4.0,2.5,1296.3
2021-07-13,4.0,2.5,1297.54
2021-07-14,4.0,2.5,1279.91
2021-07-15,4.0,2.5,1293.92
2021-07-16,4.0,2.5,1299.31
2021-07-19,4.0,2.5,1243.51
2021-07-20,4.0,2.5,1273.29
2021-07-21,4.0,2.5,1270.79
2021-07-22,4.0,2.5,1293.67
2021-07-23,4.0,2.5,1268.83
2021-07-26,4.0,2.5,1272.71
2021-07-27,4.0,2.5,1276.93
2021-07-28,4.0,2.5,1277.07
2021-07-29,4.0,2.5,1293.6
2021-07-30,4.0,2.5,1310.05
2021-08-02,4.0,2.5,1314.22
2021-08-03,4.0,2.5,1332.44
2021-08-04,4.0,2.5,1334.74
2021-08-05,4.0,2.5,1345.55
2021-08-06,4.0,2.5,1341.45
2021-08-09,4.0,2.5,1359.86
2021-08-10,4.0,2.5,1362.43
2021-08-11,4.0,2.5,1357.79
2021-08-12,4.0,2.5,1353.05
2021-08-13,4.0,2.5,1357.05
2021-08-16,4.0,2.5,1370.96
2021-08-17,4.0,2.5,1363.09
2021-08-18,4.0,2.5,1360.94
2021-08-19,4.0,2.5,1374.85
2021-08-20,4.0,2.5,1329.43
2021-08-23,4.0,2.5,1298.86
2021-08-24,4.0,2.5,1298.74
2021-08-25,4.0,2.5,1309.55
2021-08-26,4.0,2.5,1301.12
2021-08-27,4.0,2.5,1313.2
2021-08-30,4.0,2.5,1328.14
2021-08-31,4.0,2.5,1331.47
2021-09-01,4.0,2.5,1334.65
2021-09-06,4.0,2.5,1346.39
2021-09-07,4.0,2.5,1341.9
2021-09-08,4.0,2.5,1333.61
2021-09-09,4.0,2.5,1343.98
2021-09-10,4.0,2.5,1345.31
2021-09-13,4.0,2.5,1341.43
2021-09-14,4.0,2.5,1339.7
2021-09-15,4.0,2.5,1345.83
2021-09-16,4.0,2.5,1345.87
2021-09-17,4.0,2.5,1352.64
2021-09-20,4.0,2.5,1350.48
2021-09-21,4.0,2.5,1339.84
2021-09-22,4.0,2.5,1350.68
2021-09-23,4.0,2.5,1352.76
2021-09-24,4.0,2.5,1351.17
2021-09-27,4.0,2.5,1324.99
2021-09-28,4.0,2.5,1339.31
2021-09-29,4.0,2.5,1339.21
2021-09-30,4.0,2.5,1342.06
2021-10-01,4.0,2.5,1334.89
2021-10-04,4.0,2.5,1339.54
2021-10-05,4.0,2.5,1354.63
2021-10-06,4.0,2.5,1362.82
2021-10-07,4.0,2.5,1365.99
2021-10-08,4.0,2.5,1372.73
2021-10-11,4.0,2.5,1394.09
2021-10-12,4.0,2.5,1394.8
2021-10-13,4.0,2.5,1391.91
2021-10-14,4.0,2.5,1391.85
2021-10-15,4.0,2.5,1392.7
2021-10-18,4.0,2.5,1395.53
2021-10-19,4.0,2.5,1395.33
2021-10-20,4.0,2.5,1393.8
2021-10-21,4.0,2.5,1384.77
2021-10-22,4.0,2.5,1389.24
2021-10-25,4.0,2.5,1385.4
2021-10-26,4.0,2.5,1391.63
2021-10-27,4.0,2.5,1423.02
2021-10-28,4.0,2.5,1438.01
2021-10-29,4.0,2.5,1444.27
2021-11-01,4.0,2.5,1438.97
2021-11-02,4.0,2.5,1452.46
2021-11-03,4.0,2.5,1444.3
2021-11-04,4.0,2.5,1448.34
2021-11-05,4.0,2.5,1456.51
2021-11-08,4.0,2.5,1467.57
2021-11-09,4.0,2.5,1461.5
2021-11-10,4.0,2.5,1465.02
2021-11-11,4.0,2.5,1462.35
2021-11-12,4.0,2.5,1473.37
2021-11-15,4.0,2.5,1476.57
2021-11-16,4.0,2.5,1466.45
2021-11-17,4.0,2.5,1475.85
2021-11-18,4.0,2.5,1469.83
2021-11-19,4.0,2.5,1452.35
2021-11-22,4.0,2.5,1447.25
2021-11-23,4.0,2.5,1463.63
2021-11-24,4.0,2.5,1488.87
2021-11-25,4.0,2.5,1500.81
2021-11-26,4.0,2.5,1493.03
2021-11-29,4.0,2.5,1484.84
2021-11-30,4.0,2.5,1478.44
2021-12-01,4.0,2.5,1485.19
2021-12-02,4.0,2.5,1482.05
2021-12-03,4.0,2.5,1443.32
2021-12-06,4.0,2.5,1413.58
2021-12-07,4.0,2.5,1446.77
2021-12-08,4.0,2.5,1452.87
2021-12-09,4.0,2.5,1467.98
2021-12-10,4.0,2.5,1463.54
2021-12-13,4.0,2.5,1476.21
2021-12-14,4.0,2.5,1476.02
2021-12-15,4.0,2.5,1475.5
2021-12-16,4.0,2.5,1476.61
2021-12-17,4.0,2.5,1479.79
2021-12-20,4.0,2.5,1477.33
2021-12-21,4.0,2.5,1478.74
2021-12-22,4.0,2.5,1477.67
2021-12-23,4.0,2.5,1456.96
2021-12-24,4.0,2.5,1477.03
2021-12-27,4.0,2.5,1488.88
2021-12-28,4.0,2.5,1494.39
2021-12-29,4.0,2.5,1485.82
2021-12-30,4.0,2.5,1485.97
2021-12-31,4.0,2.5,1498.28
2022-01-04,4.0,2.5,1525.58
2022-01-05,4.0,2.5,1522.5
2022-01-06,4.0,2.5,1528.57
2022-01-07,4.0,2.5,1528.48
2022-01-10,4.0,2.5,1503.71
2022-01-11,4.0,2.5,1492.31
2022-01-12,4.0,2.5,1510.51
2022-01-13,4.0,2.5,1496.05
2022-01-14,4.0,2.5,1496.02
2022-01-17,4.0,2.5,1452.84
2022-01-18,4.0,2.5,1438.94
2022-01-19,4.0,2.5,1442.79
2022-01-20,4.0,2.5,1465.3
2022-01-21,4.0,2.5,1472.89
2022-01-24,4.0,2.5,1439.71
2022-01-25,4.0,2.5,1479.58
2022-01-26,4.0,2.5,1481.58
2022-01-27,4.0,2.5,1470.76
2022-01-28,4.0,2.5,1478.96
2022-02-07,4.0,2.5,1497.66
2022-02-08,4.0,2.5,1500.99
2022-02-09,4.0,2.5,1505.38
2022-02-10,4.0,2.5,1506.79
2022-02-11,4.0,2.5,1501.71
2022-02-14,4.0,2.5,1471.96
2022-02-15,4.0,2.5,1492.75
2022-02-16,4.0,2.5,1492.1
2022-02-17,4.0,2.5,1507.99
2022-02-18,4.0,2.5,1504.84
2022-02-21,4.0,2.5,1510.84
2022-02-22,4.0,2.5,1503.47
2022-02-23,4.0,2.5,1512.3
2022-02-24,4.0,2.5,1494.85
2022-02-25,4.0,2.5,1498.89
2022-02-28,4.0,2.5,1490.13
2022-03-01,4.0,2.5,1498.78
2022-03-02,4.0,2.5,1485.52
2022-03-03,4.0,2.5,1505.0
2022-03-04,4.0,2.5,1505.33
2022-03-07,4.0,2.5,1499.05
2022-03-08,4.0,2.5,1473.71
2022-03-09,4.0,2.5,1473.74
2022-03-10,4.0,2.5,1479.08
2022-03-11,4.0,2.5,1466.54
2022-03-14,4.0,2.5,1446.25
2022-03-15,4.0,2.5,1452.74
2022-03-16,4.0,2.5,1459.33
2022-03-17,4.0,2.5,1461.34
2022-03-18,4.0,2.5,1469.1
2022-03-21,4.0,2.5,1494.95
2022-03-22,4.0,2.5,1503.78
2022-03-23,4.0,2.5,1502.34
2022-03-24,4.0,2.5,1498.26
2022-03-25,4.0,2.5,1498.5
2022-03-28,4.0,2.5,1483.18
2022-03-29,4.0,2.5,1497.76
2022-03-30,4.0,2.5,1490.51
2022-03-31,4.0,2.5,1492.15
2022-04-01,4.0,2.5,1516.44
2022-04-04,4.0,2.5,1524.7
2022-04-05,4.0,2.5,1520.03
2022-04-06,4.0,2.5,1522.9
2022-04-07,4.0,2.5,1502.35
2022-04-08,4.0,2.5,1482.0
2022-04-12,4.0,2.5,1455.25
2022-04-13,4.0,2.5,1477.2
2022-04-14,4.0,2.5,1472.12
2022-04-15,4.0,2.5,1458.56
2022-04-18,4.0,2.5,1432.6
2022-04-19,4.0,2.5,1406.45
2022-04-20,4.0,2.5,1384.72
2022-04-21,4.0,2.5,1370.21
2022-04-22,4.0,2.5,1379.23
2022-04-25,4.0,2.5,1310.92
2022-04-26,4.0,2.5,1341.34
2022-04-27,4.0,2.5,1353.77
2022-04-28,4.0,2.5,1350.99
2022-04-29,4.0,2.5,1366.8
2022-05-04,4.0,2.5,1348.68
2022-05-05,4.0,2.5,1360.68
2022-05-06,4.0,2.5,1329.26
2022-05-09,4.0,2.5,1269.62
2022-05-10,4.0,2.5,1293.56
2022-05-11,4.0,2.5,1301.53
2022-05-12,4.0,2.5,1238.84
2022-05-13,4.0,2.5,1182.77
2022-05-16,4.0,2.5,1171.95
2022-05-17,4.0,2.5,1228.37
2022-05-18,4.0,2.5,1240.76
2022-05-19,4.0,2.5,1241.64
2022-05-20,4.0,2.5,1240.71
2022-05-23,4.0,2.5,1218.81
2022-05-24,4.0,2.5,1233.38
2022-05-25,4.0,2.5,1268.43
2022-05-26,4.0,2.5,1268.57
2022-05-27,4.0,2.5,1285.45
2022-05-30,4.0,2.5,1293.92
2022-05-31,4.0,2.5,1292.68
2022-06-01,4.0,2.5,1299.52
2022-06-02,4.0,2.5,1288.62
2022-06-03,4.0,2.5,1287.98
2022-06-06,4.0,2.5,1290.01
2022-06-07,4.0,2.5,1291.35
2022-06-08,4.0,2.5,1307.91
2022-06-09,4.0,2.5,1307.8
2022-06-10,4.0,2.5,1284.08
2022-06-13,4.0,2.5,1227.04
2022-06-14,4.0,2.5,1230.31
2022-06-15,4.0,2.5,1213.93
2022-06-16,4.0,2.5,1236.63
2022-06-17,4.0,2.5,1217.3
2022-06-20,4.0,2.5,1180.4
2022-06-21,4.0,2.5,1172.47
2022-06-22,4.0,2.5,1169.27
2022-06-23,4.0,2.5,1188.88
2022-06-24,4.0,2.5,1185.48
2022-06-27,4.0,2.5,1202.82
2022-06-28,4.0,2.5,1218.1
2022-06-29,4.0,2.5,1218.09
2022-06-30,4.0,2.5,1197.6
2022-07-01,4.0,2.5,1198.9
2022-07-04,4.0,2.5,1195.53
2022-07-05,4.0,2.5,1181.29
2022-07-06,4.0,2.5,1149.61
2022-07-07,4.0,2.5,1166.48
2022-07-08,4.0,2.5,1171.31
2022-07-11,4.0,2.5,1155.29
2022-07-12,4.0,2.5,1174.82
2022-07-13,4.0,2.5,1173.92
2022-07-14,4.0,2.5,1182.17
2022-07-15,4.0,2.5,1179.25
2022-07-18,4.0,2.5,1176.49
2022-07-19,4.0,2.5,1178.33
2022-07-20,4.0,2.5,1194.14
2022-07-21,4.0,2.5,1198.47
2022-07-22,4.0,2.5,1194.76
2022-07-25,4.0,2.5,1188.5
2022-07-26,4.0,2.5,1185.07
2022-07-27,4.0,2.5,1191.04
2022-07-28,4.0,2.5,1208.12
2022-07-29,4.0,2.5,1206.33
2022-08-01,4.0,2.5,1231.35
2022-08-02,4.0,2.5,1241.62
2022-08-03,4.0,2.5,1249.76
2022-08-04,4.0,2.5,1254.15
2022-08-05,4.0,2.5,1252.74
2022-08-08,4.0,2.5,1256.75
2022-08-09,4.0,2.5,1258.85
2022-08-10,4.0,2.5,1256.5
2022-08-11,4.0,2.5,1252.07
2022-08-12,4.0,2.5,1262.33
2022-08-15,4.0,2.5,1274.2
2022-08-16,4.0,2.5,1274.69
2022-08-17,4.0,2.5,1275.28
2022-08-18,4.0,2.5,1273.66
2022-08-19,4.0,2.5,1269.18
2022-08-22,4.0,2.5,1260.43
2022-08-23,4.0,2.5,1270.81
2022-08-24,4.0,2.5,1277.16
2022-08-25,4.0,2.5,1288.88
2022-08-26,4.0,2.5,1282.57
2022-08-29,4.0,2.5,1270.8
2022-08-30,4.0,2.5,1279.39
2022-08-31,4.0,2.5,1280.51
2022-09-05,4.0,2.5,1277.35
2022-09-06,4.0,2.5,1277.4
2022-09-07,4.0,2.5,1243.17
2022-09-08,4.0,2.5,1234.6
2022-09-09,4.0,2.5,1248.78
2022-09-12,4.0,2.5,1249.62
2022-09-13,4.0,2.5,1248.4
2022-09-14,4.0,2.5,1240.77
2022-09-15,4.0,2.5,1245.66
2022-09-16,4.0,2.5,1234.03
2022-09-19,4.0,2.5,1205.43
2022-09-20,4.0,2.5,1218.93
2022-09-21,4.0,2.5,1210.55
2022-09-22,4.0,2.5,1214.7
2022-09-23,5.0,3.5,1203.28
2022-09-26,5.0,3.5,1174.35
2022-09-27,5.0,3.5,1166.54
2022-09-28,5.0,3.5,1143.62
2022-09-29,5.0,3.5,1126.07
2022-09-30,5.0,3.5,1132.11
2022-10-03,5.0,3.5,1086.44
2022-10-04,5.0,3.5,1078.14
2022-10-05,5.0,3.5,1104.26
2022-10-06,5.0,3.5,1074.52
2022-10-07,5.0,3.5,1035.91
2022-10-10,5.0,3.5,1042.48
2022-10-11,5.0,3.5,1006.2
2022-10-12,5.0,3.5,1034.81
2022-10-13,5.0,3.5,1050.99
2022-10-14,5.0,3.5,1061.85
2022-10-17,5.0,3.5,1051.58
2022-10-18,5.0,3.5,1063.66
2022-10-19,5.0,3.5,1060.07
2022-10-20,5.0,3.5,1058.45
2022-10-21,5.0,3.5,1019.82
2022-10-24,5.0,3.5,986.15
2022-10-25,6.0,4.5,997.7
2022-10-26,6.0,4.5,993.36
2022-10-27,6.0,4.5,1028.01
2022-10-28,6.0,4.5,1027.36
2022-10-31,6.0,4.5,1027.94
2022-11-01,6.0,4.5,1033.75
2022-11-02,6.0,4.5,1023.19
2022-11-03,6.0,4.5,1019.81
2022-11-04,6.0,4.5,997.15
2022-11-07,6.0,4.5,975.19
2022-11-08,6.0,4.5,981.65
2022-11-09,6.0,4.5,985.59
2022-11-10,6.0,4.5,947.24
2022-11-11,6.0,4.5,954.53
2022-11-14,6.0,4.5,941.04
2022-11-15,6.0,4.5,911.9
2022-11-16,6.0,4.5,942.9
2022-11-17,6.0,4.5,969.26
2022-11-18,6.0,4.5,969.33
2022-11-21,6.0,4.5,960.65
2022-11-22,6.0,4.5,952.12
2022-11-23,6.0,4.5,946.0
2022-11-24,6.0,4.5,947.71
2022-11-25,6.0,4.5,971.46
2022-11-28,6.0,4.5,1005.69
2022-11-29,6.0,4.5,1032.16
2022-11-30,6.0,4.5,1048.42
2022-12-01,6.0,4.5,1036.28
2022-12-02,6.0,4.5,1080.01
2022-12-05,6.0,4.5,1093.67
2022-12-06,6.0,4.5,1048.69
2022-12-07,6.0,4.5,1041.02
2022-12-08,6.0,4.5,1050.53
2022-12-09,6.0,4.5,1051.81
2022-12-12,6.0,4.5,1032.07
2022-12-13,6.0,4.5,1047.45
2022-12-14,6.0,4.5,1050.43
2022-12-15,6.0,4.5,1055.32
2022-12-16,6.0,4.5,1052.48
2022-12-19,6.0,4.5,1038.4
2022-12-20,6.0,4.5,1023.13
2022-12-21,6.0,4.5,1018.88
2022-12-22,6.0,4.5,1022.61
2022-12-23,6.0,4.5,1020.34
2022-12-26,6.0,4.5,985.21
2022-12-27,6.0,4.5,1004.57
2022-12-28,6.0,4.5,1015.66
2022-12-29,6.0,4.5,1009.29
2022-12-30,6.0,4.5,1007.09
2023-01-03,6.0,4.5,1043.9
2023-01-04,6.0,4.5,1046.35
2023-01-05,6.0,4.5,1055.82
2023-01-06,6.0,4.5,1051.44
2023-01-09,6.0,4.5,1054.21
2023-01-10,6.0,4.5,1053.35
2023-01-11,6.0,4.5,1055.76
2023-01-12,6.0,4.5,1056.39
2023-01-13,6.0,4.5,1060.17
2023-01-16,6.0,4.5,1066.68
2023-01-17,6.0,4.5,1088.29
2023-01-18,6.0,4.5,1098.28
2023-01-19,6.0,4.5,1108.08
2023-01-27,6.0,4.5,1117.1
2023-01-30,6.0,4.5,1102.57
2023-01-31,6.0,4.5,1111.18
2023-02-01,6.0,4.5,1075.97
2023-02-02,6.0,4.5,1077.59
2023-02-03,6.0,4.5,1077.15
2023-02-06,6.0,4.5,1089.29
2023-02-07,6.0,4.5,1065.84
2023-02-08,6.0,4.5,1072.22
2023-02-09,6.0,4.5,1064.03
2023-02-10,6.0,4.5,1055.3
2023-02-13,6.0,4.5,1043.7
2023-02-14,6.0,4.5,1038.64
2023-02-15,6.0,4.5,1048.2
2023-02-16,6.0,4.5,1058.29
2023-02-17,6.0,4.5,1059.31
2023-02-20,6.0,4.5,1086.69
2023-02-21,6.0,4.5,1082.23
2023-02-22,6.0,4.5,1054.28
2023-02-23,6.0,4.5,1053.66
2023-02-24,6.0,4.5,1039.56
2023-02-27,6.0,4.5,1021.25
2023-02-28,6.0,4.5,1024.68
2023-03-01,6.0,4.5,1040.55
2023-03-02,6.0,4.5,1037.61
2023-03-03,6.0,4.5,1024.77
2023-03-06,6.0,4.5,1027.18
2023-03-07,6.0,4.5,1037.84
2023-03-08,6.0,4.5,1049.18
2023-03-09,6.0,4.5,1055.95
2023-03-10,6.0,4.5,1053.0
2023-03-13,6.0,4.5,1052.8
2023-03-14,6.0,4.5,1040.13
2023-03-15,6.0,3.5,1062.19
2023-03-16,6.0,3.5,1047.4
2023-03-17,6.0,3.5,1045.14
2023-03-20,6.0,3.5,1023.1
2023-03-21,6.0,3.5,1032.43
2023-03-22,6.0,3.5,1040.54
2023-03-23,6.0,3.5,1045.1
2023-03-24,6.0,3.5,1046.79
2023-03-27,6.0,3.5,1052.25
2023-03-28,6.0,3.5,1054.29
2023-03-29,6.0,3.5,1056.33
2023-03-30,6.0,3.5,1059.44
2023-03-31,6.0,3.5,1064.64
2023-04-03,5.5,3.5,1079.28
2023-04-04,5.5,3.5,1078.45
2023-04-05,5.5,3.5,1080.86
2023-04-06,5.5,3.5,1070.91
2023-04-07,5.5,3.5,1069.71
2023-04-10,5.5,3.5,1065.35
2023-04-11,5.5,3.5,1069.46
2023-04-12,5.5,3.5,1069.45
2023-04-13,5.5,3.5,1064.3
2023-04-14,5.5,3.5,1052.89
2023-04-17,5.5,3.5,1053.81
2023-04-18,5.5,3.5,1055.02
2023-04-19,5.5,3.5,1048.98
2023-04-20,5.5,3.5,1049.25
2023-04-21,5.5,3.5,1042.91
2023-04-24,5.5,3.5,1041.36
2023-04-25,5.5,3.5,1034.85
2023-04-26,5.5,3.5,1040.8
2023-04-27,5.5,3.5,1039.63
2023-04-28,5.5,3.5,1049.12
2023-05-04,5.5,3.5,1040.61
2023-05-05,5.5,3.5,1040.31
2023-05-08,5.5,3.5,1053.44
2023-05-09,5.5,3.5,1053.77
2023-05-10,5.5,3.5,1058.26
2023-05-11,5.5,3.5,1057.12
2023-05-12,5.5,3.5,1066.9
2023-05-15,5.5,3.5,1065.71
2023-05-16,5.5,3.5,1065.91
2023-05-17,5.5,3.5,1060.44
2023-05-18,5.5,3.5,1068.31
2023-05-19,5.5,3.5,1067.07
2023-05-22,5.5,3.5,1070.64
2023-05-23,5.5,3.5,1065.85
2023-05-24,5.5,3.5,1061.79
2023-05-25,5.0,3.5,1064.63
2023-05-26,5.0,3.5,1063.76
2023-05-29,5.0,3.5,1074.98
2023-05-30,5.0,3.5,1078.05
2023-05-31,5.0,3.5,1075.17
2023-06-01,5.0,3.5,1078.39
2023-06-02,5.0,3.5,1090.84
2023-06-05,5.0,3.5,1097.82
2023-06-06,5.0,3.5,1108.31
2023-06-07,5.0,3.5,1109.54
2023-06-08,5.0,3.5,1101.32
2023-06-09,5.0,3.5,1107.53
2023-06-12,5.0,3.5,1116.02
2023-06-13,5.0,3.5,1122.46
2023-06-14,5.0,3.5,1117.42
2023-06-15,5.0,3.5,1116.97
2023-06-16,5.0,3.5,1115.22
2023-06-19,4.5,3.0,1105.4
2023-06-20,4.5,3.0,1111.72
2023-06-21,4.5,3.0,1118.46
2023-06-22,4.5,3.0,1125.3
2023-06-23,4.5,3.0,1129.38
2023-06-26,4.5,3.0,1132.03
2023-06-27,4.5,3.0,1134.33
2023-06-28,4.5,3.0,1138.35
2023-06-29,4.5,3.0,1125.39
2023-06-30,4.5,3.0,1120.18
2023-07-03,4.5,3.0,1125.5
2023-07-04,4.5,3.0,1132.0
2023-07-05,4.5,3.0,1134.62
2023-07-06,4.5,3.0,1126.22
2023-07-07,4.5,3.0,1138.07
2023-07-10,4.5,3.0,1149.02
2023-07-11,4.5,3.0,1151.77
2023-07-12,4.5,3.0,1154.2
2023-07-13,4.5,3.0,1165.42
2023-07-14,4.5,3.0,1168.4
2023-07-17,4.5,3.0,1173.13
2023-07-18,4.5,3.0,1174.09
2023-07-19,4.5,3.0,1172.98
2023-07-20,4.5,3.0,1172.81
2023-07-21,4.5,3.0,1185.9
2023-07-24,4.5,3.0,1190.72
2023-07-25,4.5,3.0,1195.9
2023-07-26,4.5,3.0,1200.84
2023-07-27,4.5,3.0,1197.33
2023-07-28,4.5,3.0,1207.67
2023-07-31,4.5,3.0,1222.9
2023-08-01,4.5,3.0,1217.56
2023-08-02,4.5,3.0,1220.43
2023-08-03,4.5,3.0,1210.95
2023-08-04,4.5,3.0,1225.98
2023-08-07,4.5,3.0,1241.42
2023-08-08,4.5,3.0,1242.23
2023-08-09,4.5,3.0,1233.99
2023-08-10,4.5,3.0,1220.61
2023-08-11,4.5,3.0,1232.21
2023-08-14,4.5,3.0,1236.84
2023-08-15,4.5,3.0,1234.05
2023-08-16,4.5,3.0,1243.26
2023-08-17,4.5,3.0,1233.48
2023-08-18,4.5,3.0,1177.99
2023-08-21,4.5,3.0,1179.76
2023-08-22,4.5,3.0,1180.49
2023-08-23,4.5,3.0,1172.56
2023-08-24,4.5,3.0,1189.39
2023-08-25,4.5,3.0,1183.37
2023-08-28,4.5,3.0,1201.72
2023-08-29,4.5,3.0,1204.43
2023-08-30,4.5,3.0,1213.16
2023-08-31,4.5,3.0,1224.05
2023-09-05,4.5,3.0,1234.98
2023-09-06,4.5,3.0,1245.5
2023-09-07,4.5,3.0,1243.14
2023-09-08,4.5,3.0,1241.48
2023-09-11,4.5,3.0,1223.63
2023-09-12,4.5,3.0,1245.44
2023-09-13,4.5,3.0,1238.39
2023-09-14,4.5,3.0,1223.81
2023-09-15,4.5,3.0,1227.36
2023-09-18,4.5,3.0,1211.81
2023-09-19,4.5,3.0,1211.5
2023-09-20,4.5,3.0,1226.11
2023-09-21,4.5,3.0,1212.74
2023-09-22,4.5,3.0,1193.05
2023-09-25,4.5,3.0,1153.2
2023-09-26,4.5,3.0,1137.96
2023-09-27,4.5,3.0,1153.85
2023-09-28,4.5,3.0,1152.43
2023-09-29,4.5,3.0,1154.15
2023-10-02,4.5,3.0,1155.25
2023-10-03,4.5,3.0,1118.1
2023-10-04,4.5,3.0,1128.67
2023-10-05,4.5,3.0,1113.89
2023-10-06,4.5,3.0,1128.54
2023-10-09,4.5,3.0,1137.36
2023-10-10,4.5,3.0,1143.69
2023-10-11,4.5,3.0,1150.81
2023-10-12,4.5,3.0,1151.61
2023-10-13,4.5,3.0,1154.73
2023-10-16,4.5,3.0,1141.42
2023-10-17,4.5,3.0,1121.65
2023-10-18,4.5,3.0,1103.4
2023-10-19,4.5,3.0,1087.85
2023-10-20,4.5,3.0,1108.03
2023-10-23,4.5,3.0,1093.53
2023-10-24,4.5,3.0,1105.9
2023-10-25,4.5,3.0,1101.66
2023-10-26,4.5,3.0,1055.45
2023-10-27,4.5,3.0,1060.62
2023-10-30,4.5,3.0,1042.4
2023-10-31,4.5,3.0,1028.19
2023-11-01,4.5,3.0,1039.66
2023-11-02,4.5,3.0,1075.47
2023-11-03,4.5,3.0,1076.78
2023-11-06,4.5,3.0,1089.66
2023-11-07,4.5,3.0,1080.29
2023-11-08,4.5,3.0,1113.43
2023-11-09,4.5,3.0,1113.89
2023-11-10,4.5,3.0,1101.68
2023-11-13,4.5,3.0,1100.07
2023-11-14,4.5,3.0,1109.73
2023-11-15,4.5,3.0,1122.5
2023-11-16,4.5,3.0,1125.53
2023-11-17,4.5,3.0,1101.19
2023-11-20,4.5,3.0,1103.66
2023-11-21,4.5,3.0,1110.46
2023-11-22,4.5,3.0,1113.82
2023-11-23,4.5,3.0,1088.49
2023-11-24,4.5,3.0,1095.61
2023-11-27,4.5,3.0,1088.06
2023-11-28,4.5,3.0,1095.43
2023-11-29,4.5,3.0,1102.8
2023-11-30,4.5,3.0,1094.13
2023-12-01,4.5,3.0,1102.16
2023-12-04,4.5,3.0,1120.49
2023-12-05,4.5,3.0,1115.97
2023-12-06,4.5,3.0,1126.43
2023-12-07,4.5,3.0,1121.49
2023-12-08,4.5,3.0,1124.44
2023-12-11,4.5,3.0,1125.5
2023-12-12,4.5,3.0,1127.63
2023-12-13,4.5,3.0,1114.2
2023-12-14,4.5,3.0,1110.13
2023-12-15,4.5,3.0,1102.3
2023-12-18,4.5,3.0,1091.88
2023-12-19,4.5,3.0,1096.3
2023-12-20,4.5,3.0,1100.76
2023-12-21,4.5,3.0,1102.43
2023-12-22,4.5,3.0,1103.06
2023-12-25,4.5,3.0,1117.66
2023-12-26,4.5,3.0,1122.25
2023-12-27,4.5,3.0,1121.99
2023-12-28,4.5,3.0,1128.93
2023-12-29,4.5,3.0,1129.93
2024-01-02,4.5,3.0,1131.72
2024-01-03,4.5,3.0,1144.17
2024-01-04,4.5,3.0,1150.72
2024-01-05,4.5,3.0,1154.68
2024-01-08,4.5,3.0,1160.19
2024-01-09,4.5,3.0,1158.59
2024-01-10,4.5,3.0,1161.54
2024-01-11,4.5,3.0,1162.22
2024-01-12,4.5,3.0,1154.7
2024-01-15,4.5,3.0,1154.12
2024-01-16,4.5,3.0,1163.12
2024-01-17,4.5,3.0,1162.53
2024-01-18,4.5,3.0,1169.06
2024-01-19,4.5,3.0,1181.5
2024-01-22,4.5,3.0,1182.86
2024-01-23,4.5,3.0,1177.5
2024-01-24,4.5,3.0,1172.97
2024-01-25,4.5,3.0,1170.37
2024-01-26,4.5,3.0,1175.67
2024-01-29,4.5,3.0,1175.69
2024-01-30,4.5,3.0,1179.65
2024-01-31,4.5,3.0,1164.31
2024-02-01,4.5,3.0,1173.02
2024-02-02,4.5,3.0,1172.55
2024-02-05,4.5,3.0,1186.06
2024-02-06,4.5,3.0,1188.48
2024-02-07,4.5,3.0,1198.53
2024-02-15,4.5,3.0,1202.5
2024-02-16,4.5,3.0,1209.7
2024-02-19,4.5,3.0,1224.97
2024-02-20,4.5,3.0,1230.06
2024-02-21,4.5,3.0,1230.04
2024-02-22,4.5,3.0,1227.31
2024-02-23,4.5,3.0,1212.0
2024-02-26,4.5,3.0,1224.17
2024-02-27,4.5,3.0,1237.46
2024-02-28,4.5,3.0,1254.55
2024-02-29,4.5,3.0,1252.73
2024-03-01,4.5,3.0,1258.28
2024-03-04,4.5,3.0,1261.41
2024-03-05,4.5,3.0,1269.98
2024-03-06,4.5,3.0,1262.73
2024-03-07,4.5,3.0,1268.46
2024-03-08,4.5,3.0,1247.35
2024-03-11,4.5,3.0,1235.49
2024-03-12,4.5,3.0,1245.0
2024-03-13,4.5,3.0,1270.51
2024-03-14,4.5,3.0,1264.26
2024-03-15,4.5,3.0,1263.78
2024-03-18,4.5,3.0,1243.56
2024-03-19,4.5,3.0,1242.46
2024-03-20,4.5,3.0,1260.08
2024-03-21,4.5,3.0,1276.42
2024-03-22,4.5,3.0,1281.8
2024-03-25,4.5,3.0,1267.86
2024-03-26,4.5,3.0,1282.21
2024-03-27,4.5,3.0,1283.09
2024-03-28,4.5,3.0,1290.18
2024-03-29,4.5,3.0,1284.09
2024-04-01,4.5,3.0,1281.52
2024-04-02,4.5,3.0,1287.04
2024-04-03,4.5,3.0,1271.47
2024-04-04,4.5,3.0,1268.25
2024-04-05,4.5,3.0,1255.11
2024-04-08,4.5,3.0,1250.35
2024-04-09,4.5,3.0,1262.82
2024-04-10,4.5,3.0,1258.56
2024-04-11,4.5,3.0,1258.2
2024-04-12,4.5,3.0,1276.6
2024-04-15,4.5,3.0,1216.61
2024-04-16,4.5,3.0,1215.68
2024-04-17,4.5,3.0,1193.01
2024-04-19,4.5,3.0,1174.85
2024-04-22,4.5,3.0,1190.22
2024-04-23,4.5,3.0,1177.4
2024-04-24,4.5,3.0,1205.61
2024-04-25,4.5,3.0,1204.97
2024-04-26,4.5,3.0,1209.52
2024-05-02,4.5,3.0,1216.36
2024-05-03,4.5,3.0,1221.03
2024-05-06,4.5,3.0,1241.58
2024-05-07,4.5,3.0,1248.63
2024-05-08,4.5,3.0,1250.46
2024-05-09,4.5,3.0,1248.64
2024-05-10,4.5,3.0,1244.7
2024-05-13,4.5,3.0,1240.18
2024-05-14,4.5,3.0,1243.28
2024-05-15,4.5,3.0,1254.39
2024-05-16,4.5,3.0,1268.78
2024-05-17,4.5,3.0,1273.11
2024-05-20,4.5,3.0,1277.58
2024-05-21,4.5,3.0,1277.14
2024-05-22,4.5,3.0,1266.91
2024-05-23,4.5,3.0,1281.03
2024-05-24,4.5,3.0,1261.93
2024-05-27,4.5,3.0,1267.68
2024-05-28,4.5,3.0,1281.73
2024-05-29,4.5,3.0,1272.64
2024-05-30,4.5,3.0,1266.32
2024-05-31,4.5,3.0,1261.72
2024-06-03,4.5,3.0,1280.0
2024-06-04,4.5,3.0,1283.52
2024-06-05,4.5,3.0,1284.35
2024-06-06,4.5,3.0,1283.56
2024-06-07,4.5,3.0,1287.58
2024-06-10,4.5,3.0,1290.67
2024-06-11,4.5,3.0,1284.41
2024-06-12,4.5,3.0,1300.19
2024-06-13,4.5,3.0,1301.51
2024-06-14,4.5,3.0,1279.91
2024-06-17,4.5,3.0,1274.77
2024-06-18,4.5,3.0,1279.5
2024-06-19,4.5,3.0,1279.79
2024-06-20,4.5,3.0,1282.3
2024-06-21,4.5,3.0,1282.02
2024-06-24,4.5,3.0,1254.12
2024-06-25,4.5,3.0,1256.56
2024-06-26,4.5,3.0,1261.24
2024-06-27,4.5,3.0,1259.09
2024-06-28,4.5,3.0,1245.32
2024-07-01,4.5,3.0,1254.56
2024-07-02,4.5,3.0,1269.79
2024-07-03,4.5,3.0,1276.85
2024-07-04,4.5,3.0,1279.89
2024-07-05,4.5,3.0,1283.04
2024-07-08,4.5,3.0,1283.56
2024-07-09,4.5,3.0,1293.71
2024-07-10,4.5,3.0,1285.94
2024-07-11,4.5,3.0,1283.8
2024-07-12,4.5,3.0,1280.75
2024-07-15,4.5,3.0,1279.82
2024-07-16,4.5,3.0,1281.18
2024-07-17,4.5,3.0,1268.66
2024-07-18,4.5,3.0,1274.44
2024-07-19,4.5,3.0,1264.78
2024-07-22,4.5,3.0,1254.64
2024-07-23,4.5,3.0,1231.81
2024-07-24,4.5,3.0,1238.47
2024-07-25,4.5,3.0,1233.19
2024-07-26,4.5,3.0,1242.11
2024-07-29,4.5,3.0,1246.6
2024-07-30,4.5,3.0,1245.06
2024-07-31,4.5,3.0,1251.51
2024-08-01,4.5,3.0,1226.96
2024-08-02,4.5,3.0,1236.6
2024-08-05,4.5,3.0,1188.07
2024-08-06,4.5,3.0,1210.28
2024-08-07,4.5,3.0,1215.88
2024-08-08,4.5,3.0,1208.32
2024-08-09,4.5,3.0,1223.64
2024-08-12,4.5,3.0,1230.28
2024-08-13,4.5,3.0,1230.42
2024-08-14,4.5,3.0,1230.36
2024-08-15,4.5,3.0,1223.56
2024-08-16,4.5,3.0,1252.23
2024-08-19,4.5,3.0,1261.62
2024-08-20,4.5,3.0,1272.55
2024-08-21,4.5,3.0,1284.05
2024-08-22,4.5,3.0,1282.78
2024-08-23,4.5,3.0,1285.32
2024-08-26,4.5,3.0,1280.02
2024-08-27,4.5,3.0,1280.56
2024-08-28,4.5,3.0,1281.44
2024-08-29,4.5,3.0,1281.47
2024-08-30,4.5,3.0,1283.87
2024-09-04,4.5,3.0,1275.8
2024-09-05,4.5,3.0,1268.21
2024-09-06,4.5,3.0,1273.96
2024-09-09,4.5,3.0,1267.73
2024-09-10,4.5,3.0,1255.23
2024-09-11,4.5,3.0,1253.27
2024-09-12,4.5,3.0,1256.35
2024-09-13,4.5,3.0,1251.71
2024-09-16,4.5,3.0,1239.26
2024-09-17,4.5,3.0,1258.95
2024-09-18,4.5,3.0,1264.9
2024-09-19,4.5,3.0,1271.27
2024-09-20,4.5,3.0,1272.04
2024-09-23,4.5,3.0,1268.48
2024-09-24,4.5,3.0,1276.99
2024-09-25,4.5,3.0,1287.48
2024-09-26,4.5,3.0,1291.49
2024-09-27,4.5,3.0,1290.92
2024-09-30,4.5,3.0,1287.94
2024-10-01,4.5,3.0,1292.2
2024-10-02,4.5,3.0,1287.84
2024-10-03,4.5,3.0,1278.1
2024-10-04,4.5,3.0,1270.6
2024-10-07,4.5,3.0,1269.93
2024-10-08,4.5,3.0,1271.98
2024-10-09,4.5,3.0,1281.85
2024-10-10,4.5,3.0,1286.36
2024-10-11,4.5,3.0,1288.39
2024-10-14,4.5,3.0,1286.34
2024-10-15,4.5,3.0,1281.08
2024-10-16,4.5,3.0,1279.48
2024-10-17,4.5,3.0,1286.52
2024-10-18,4.5,3.0,1285.46
2024-10-21,4.5,3.0,1279.77
2024-10-22,4.5,3.0,1269.89
2024-10-23,4.5,3.0,1270.9
2024-10-24,4.5,3.0,1257.41
2024-10-25,4.5,3.0,1252.72
2024-10-28,4.5,3.0,1254.77
2024-10-29,4.5,3.0,1261.78
2024-10-30,4.5,3.0,1258.63
2024-10-31,4.5,3.0,1264.48
2024-11-01,4.5,3.0,1254.89
2024-11-04,4.5,3.0,1244.71
2024-11-05,4.5,3.0,1245.76
2024-11-06,4.5,3.0,1261.28
2024-11-07,4.5,3.0,1259.75
2024-11-08,4.5,3.0,1252.56
2024-11-11,4.5,3.0,1250.32
2024-11-12,4.5,3.0,1244.82
2024-11-13,4.5,3.0,1246.04
2024-11-14,4.5,3.0,1231.89
2024-11-15,4.5,3.0,1218.57
2024-11-18,4.5,3.0,1217.12
2024-11-19,4.5,3.0,1205.15
2024-11-20,4.5,3.0,1216.54
2024-11-21,4.5,3.0,1228.33
2024-11-22,4.5,3.0,1228.1
2024-11-25,4.5,3.0,1234.7
2024-11-26,4.5,3.0,1242.13
2024-11-27,4.5,3.0,1241.97
2024-11-28,4.5,3.0,1242.11
2024-11-29,4.5,3.0,1250.46
2024-12-02,4.5,3.0,1251.21
2024-12-03,4.5,3.0,1249.83
2024-12-04,4.5,3.0,1240.41
2024-12-05,4.5,3.0,1267.53
2024-12-06,4.5,3.0,1270.14
2024-12-09,4.5,3.0,1273.84
2024-12-10,4.5,3.0,1272.07
2024-12-11,4.5,3.0,1268.86
2024-12-12,4.5,3.0,1267.35
2024-12-13,4.5,3.0,1262.57
2024-12-16,4.5,3.0,1263.79
2024-12-17,4.5,3.0,1261.72
2024-12-18,4.5,3.0,1266.0
2024-12-19,4.5,3.0,1254.67
2024-12-20,4.5,3.0,1257.5
2024-12-23,4.5,3.0,1262.76
2024-12-24,4.5,3.0,1260.36
2024-12-25,4.5,3.0,1274.04
2024-12-26,4.5,3.0,1272.87
2024-12-27,4.5,3.0,1275.14
2024-12-30,4.5,3.0,1272.02
2024-12-31,4.5,3.0,1266.78
2025-01-02,4.5,3.0,1269.71
2025-01-03,4.5,3.0,1254.59
2025-01-06,4.5,3.0,1246.35
2025-01-07,4.5,3.0,1246.95
2025-01-08,4.5,3.0,1251.02
2025-01-09,4.5,3.0,1245.77
2025-01-10,4.5,3.0,1230.48
2025-01-13,4.5,3.0,1235.65
2025-01-14,4.5,3.0,1229.07
2025-01-15,4.5,3.0,1236.18
2025-01-16,4.5,3.0,1242.36
2025-01-17,4.5,3.0,1249.11
2025-01-20,4.5,3.0,1249.55
2025-01-21,4.5,3.0,1246.09
2025-01-22,4.5,3.0,1242.53
2025-01-23,4.5,3.0,1259.63
2025-01-24,4.5,3.0,1265.05
2025-02-03,4.5,3.0,1253.03
2025-02-04,4.5,3.0,1264.68
2025-02-05,4.5,3.0,1269.61
2025-02-06,4.5,3.0,1271.48
2025-02-07,4.5,3.0,1275.2
2025-02-10,4.5,3.0,1263.26
2025-02-11,4.5,3.0,1268.45
2025-02-12,4.5,3.0,1266.91
2025-02-13,4.5,3.0,1270.35
2025-02-14,4.5,3.0,1276.08
2025-02-17,4.5,3.0,1272.72
2025-02-18,4.5,3.0,1278.14
2025-02-19,4.5,3.0,1288.56
2025-02-20,4.5,3.0,1292.98
2025-02-21,4.5,3.0,1296.75
2025-02-24,4.5,3.0,1304.56
2025-02-25,4.5,3.0,1303.16
2025-02-26,4.5,3.0,1302.96
2025-02-27,4.5,3.0,1307.8
2025-02-28,4.5,3.0,1305.36
2025-03-03,4.5,3.0,1309.37
2025-03-04,4.5,3.0,1311.91
2025-03-05,4.5,3.0,1304.71
2025-03-06,4.5,3.0,1318.22
2025-03-07,4.5,3.0,1326.05
2025-03-10,4.5,3.0,1330.28
2025-03-11,4.5,3.0,1332.54
2025-03-12,4.5,3.0,1334.41
2025-03-13,4.5,3.0,1326.27
2025-03-14,4.5,3.0,1326.15
2025-03-17,4.5,3.0,1336.26
2025-03-18,4.5,3.0,1330.97
2025-03-19,4.5,3.0,1324.63
2025-03-20,4.5,3.0,1323.93
2025-03-21,4.5,3.0,1321.88
2025-03-24,4.5,3.0,1330.32
2025-03-25,4.5,3.0,1331.92
2025-03-26,4.5,3.0,1326.09
2025-03-27,4.5,3.0,1323.81
2025-03-28,4.5,3.0,1317.46
2025-03-31,4.5,3.0,1306.86
2025-04-01,4.5,3.0,1317.33
2025-04-02,4.5,3.0,1317.83
2025-04-03,4.5,3.0,1229.84
2025-04-04,4.5,3.0,1210.67
2025-04-08,4.5,3.0,1132.79
2025-04-09,4.5,3.0,1094.3
2025-04-10,4.5,3.0,1168.34
2025-04-11,4.5,3.0,1222.46
2025-04-14,4.5,3.0,1241.44
2025-04-15,4.5,3.0,1227.79
2025-04-16,4.5,3.0,1210.3
2025-04-17,4.5,3.0,1217.25
2025-04-18,4.5,3.0,1219.12
2025-04-21,4.5,3.0,1207.07
2025-04-22,4.5,3.0,1197.13
2025-04-23,4.5,3.0,1211.0
2025-04-24,4.5,3.0,1223.35
2025-04-25,4.5,3.0,1229.23
2025-04-28,4.5,3.0,1226.8
2025-04-29,4.5,3.0,1226.3
2025-05-05,4.5,3.0,1240.05
2025-05-06,4.5,3.0,1241.95
2025-05-07,4.5,3.0,1250.37
2025-05-08,4.5,3.0,1269.8
2025-05-09,4.5,3.0,1267.3
2025-05-12,4.5,3.0,1283.26
2025-05-13,4.5,3.0,1293.43
2025-05-14,4.5,3.0,1309.73
2025-05-15,4.5,3.0,1313.2
2025-05-16,4.5,3.0,1301.39
2025-05-19,4.5,3.0,1296.29
2025-05-20,4.5,3.0,1315.15
2025-05-21,4.5,3.0,1323.05
2025-05-22,4.5,3.0,1313.84
2025-05-23,4.5,3.0,1314.46
2025-05-26,4.5,3.0,1332.51
2025-05-27,4.5,3.0,1339.81
2025-05-28,4.5,3.0,1341.87
2025-05-29,4.5,3.0,1341.86
2025-05-30,4.5,3.0,1332.6
2025-06-02,4.5,3.0,1336.3
2025-06-03,4.5,3.0,1347.25
2025-06-04,4.5,3.0,1345.74
2025-06-05,4.5,3.0,1342.09
2025-06-06,4.5,3.0,1329.89
2025-06-09,4.5,3.0,1310.57
2025-06-10,4.5,3.0,1316.23
2025-06-11,4.5,3.0,1315.2
2025-06-12,4.5,3.0,1322.99
2025-06-13,4.5,3.0,1315.49
2025-06-16,4.5,3.0,1338.11
2025-06-17,4.5,3.0,1347.69
2025-06-18,4.5,3.0,1346.83
2025-06-19,4.5,3.0,1352.04
2025-06-20,4.5,3.0,1349.35
2025-06-23,4.5,3.0,1358.18
2025-06-24,4.5,3.0,1366.77
2025-06-25,4.5,3.0,1366.75
2025-06-26,4.5,3.0,1365.67
2025-06-27,4.5,3.0,1371.44
2025-06-30,4.5,3.0,1376.07
2025-07-01,4.5,3.0,1377.84
2025-07-02,4.5,3.0,1384.59
2025-07-03,4.5,3.0,1381.96
2025-07-04,4.5,3.0,1386.97
2025-07-07,4.5,3.0,1402.06
2025-07-08,4.5,3.0,1415.46
2025-07-09,4.5,3.0,1431.32
2025-07-10,4.5,3.0,1445.64
2025-07-11,4.5,3.0,1457.76
2025-07-14,4.5,3.0,1470.42
2025-07-15,4.5,3.0,1460.65
2025-07-16,4.5,3.0,1475.47
2025-07-17,4.5,3.0,1490.01
2025-07-18,4.5,3.0,1497.28
2025-07-21,4.5,3.0,1485.05
2025-07-22,4.5,3.0,1509.54
2025-07-23,4.5,3.0,1512.31
2025-07-24,4.5,3.0,1521.02
2025-07-25,4.5,3.0,1531.13
2025-07-28,4.5,3.0,1557.42
2025-07-29,4.5,3.0,1531.76
2025-07-30,4.5,3.0,1507.63
2025-07-31,4.5,3.0,1502.52
2025-08-01,4.5,3.0,1495.21
2025-08-04,4.5,3.0,1528.19
2025-08-05,4.5,3.0,1547.15
2025-08-06,4.5,3.0,1573.71
2025-08-07,4.5,3.0,1581.81
2025-08-08,4.5,3.0,1584.95
2025-08-11,4.5,3.0,1596.86
2025-08-12,4.5,3.0,1608.22
2025-08-13,4.5,3.0,1611.6
2025-08-14,4.5,3.0,1640.69
2025-08-15,4.5,3.0,1630.0
2025-08-18,4.5,3.0,1636.37
2025-08-19,4.5,3.0,1654.2
2025-08-20,4.5,3.0,1664.36
2025-08-21,4.5,3.0,1688.0
2025-08-22,4.5,3.0,1645.47
2025-08-25,4.5,3.0,1614.03
2025-08-26,4.5,3.0,1667.63
2025-08-27,4.5,3.0,1672.78
2025-08-28,4.5,3.0,1680.86
2025-08-29,4.5,3.0,1682.21
2025-09-03,4.5,3.0,1681.3
2025-09-04,4.5,3.0,1696.29
2025-09-05,4.5,3.0,1666.97
2025-09-08,4.5,3.0,1624.53
2025-09-09,4.5,3.0,1637.32
2025-09-10,4.5,3.0,1643.26
2025-09-11,4.5,3.0,1657.75
2025-09-12,4.5,3.0,1667.26
2025-09-15,4.5,3.0,1684.9
2025-09-16,4.5,3.0,1680.9
2025-09-17,4.5,3.0,1670.97
2025-09-18,4.5,3.0,1665.18
2025-09-19,4.5,3.0,1658.62
2025-09-22,4.5,3.0,1634.45
2025-09-23,4.5,3.0,1635.26
2025-09-24,4.5,3.0,1657.46
2025-09-25,4.5,3.0,1666.09
2025-09-26,4.5,3.0,1660.7
2025-09-29,4.5,3.0,1666.48
2025-09-30,4.5,3.0,1661.7
2025-10-01,4.5,3.0,1665.05
2025-10-02,4.5,3.0,1652.71
2025-10-03,4.5,3.0,1645.82
2025-10-06,4.5,3.0,1695.5
2025-10-07,4.5,3.0,1685.3
2025-10-08,4.5,3.0,1697.83
2025-10-09,4.5,3.0,1716.47
2025-10-10,4.5,3.0,1747.55
2025-10-13,4.5,3.0,1765.12
2025-10-14,4.5,3.0,1761.06
2025-10-15,4.5,3.0,1757.95
2025-10-16,4.5,3.0,1766.85
2025-10-17,4.5,3.0,1731.19
2025-10-20,4.5,3.0,1636.43
2025-10-21,4.5,3.0,1663.43
2025-10-22,4.5,3.0,1678.5
2025-10-23,4.5,3.0,1687.06
2025-10-24,4.5,3.0,1683.18
2025-10-27,4.5,3.0,1652.54
2025-10-28,4.5,3.0,1680.5
2025-10-29,4.5,3.0,1685.83
2025-10-30,4.5,3.0,1669.57
2025-10-31,4.5,3.0,1639.65
2025-11-03,4.5,3.0,1617.0
2025-11-04,4.5,3.0,1651.98
2025-11-05,4.5,3.0,1654.89
2025-11-06,4.5,3.0,1642.64
2025-11-07,4.5,3.0,1599.1
2025-11-10,4.5,3.0,1580.54
2025-11-11,4.5,3.0,1593.61
2025-11-12,4.5,3.0,1631.86
2025-11-13,4.5,3.0,1631.44
2025-11-14,4.5,3.0,1635.46
2025-11-17,4.5,3.0,1654.42
2025-11-18,4.5,3.0,1659.92
2025-11-19,4.5,3.0,1649.0
2025-11-20,4.5,3.0,1655.99
2025-11-21,4.5,3.0,1654.93
2025-11-24,4.5,3.0,1667.98
2025-11-25,4.5,3.0,1660.36
2025-11-26,4.5,3.0,1680.36
2025-11-27,4.5,3.0,1684.32
2025-11-28,4.5,3.0,1690.99
2025-12-01,4.5,3.0,1701.67
2025-12-02,4.5,3.0,1717.06
2025-12-03,4.5,3.0,1731.77
2025-12-04,4.5,3.0,1737.24
2025-12-05,4.5,3.0,1741.32
2025-12-08,4.5,3.0,1753.74
2025-12-09,4.5,3.0,1747.17
2025-12-10,4.5,3.0,1718.98
2025-12-11,4.5,3.0,1698.9
2025-12-12,4.5,3.0,1646.89
2025-12-15,4.5,3.0,1646.01
2025-12-16,4.5,3.0,1679.18
2025-12-17,4.5,3.0,1673.66
2025-12-18,4.5,3.0,1676.98
2025-12-19,4.5,3.0,1704.31
2025-12-22,4.5,3.0,1751.03
2025-12-23,4.5,3.0,1772.15
2025-12-24,4.5,3.0,1782.82
2025-12-25,4.5,3.0,1742.85
2025-12-26,4.5,3.0,1729.8
2025-12-29,4.5,3.0,1754.84
2025-12-30,4.5,3.0,1766.9
2025-12-31,4.5,3.0,1784.49
2026-01-05,4.5,3.0,1788.4
2026-01-06,4.5,3.0,1816.27
2026-01-07,4.5,3.0,1861.58
2026-01-08,4.5,3.0,1855.56
2026-01-09,4.5,3.0,1867.9
2026-01-12,4.5,3.0,1877.33
2026-01-13,4.5,3.0,1902.93
2026-01-14,4.5,3.0,1894.44
2026-01-15,4.5,3.0,1864.8
2026-01-16,4.5,3.0,1879.13
2026-01-19,4.5,3.0,1896.59
2026-01-20,4.5,3.0,1893.78
2026-01-21,4.5,3.0,1885.44
2026-01-22,4.5,3.0,1882.73
2026-01-23,4.5,3.0,1870.79
2026-01-26,4.5,3.0,1843.72
2026-01-27,4.5,3.0,1830.5
2026-01-28,4.5,3.0,1802.91
2026-01-29,4.5,3.0,1814.98
2026-01-30,4.5,3.0,1829.04
2026-02-02,4.5,3.0,1806.5
2026-02-03,4.5,3.0,1813.4
2026-02-04,4.5,3.0,1791.43
2026-02-05,4.5,3.0,1782.56
2026-02-06,4.5,3.0,1755.49
2026-02-09,4.5,3.0,1754.82
2026-02-10,4.5,3.0,1754.03
2026-02-11,4.5,3.0,1796.85
2026-02-12,4.5,3.0,1814.09
2026-02-13,4.5,3.0,1824.09
2026-02-23,4.5,3.0,1860.14
2026-02-24,4.5,3.0,1867.62
2026-02-25,4.5,3.0,1860.91
2026-02-26,4.5,3.0,1879.64
2026-02-27,4.5,3.0,1880.33
2026-03-02,4.5,3.0,1846.1
2026-03-03,4.5,3.0,1813.14
2026-03-04,4.5,3.0,1818.27
2026-03-05,4.5,3.0,1808.51
2026-03-06,4.5,3.0,1767.84
2026-03-09,4.5,3.0,1652.79
2026-03-10,4.5,3.0,1676.73
2026-03-11,4.5,3.0,1728.34
2026-03-12,4.5,3.0,1709.61
2026-03-13,4.5,3.0,1696.24
2026-03-16,4.5,3.0,1693.21
2026-03-17,4.5,3.0,1710.29
2026-03-18,4.5,3.0,1713.83
2026-03-19,4.5,3.0,1699.13
2026-03-20,4.5,3.0,1647.81
2026-03-23,4.5,3.0,1591.17
2026-03-24,4.5,3.0,1614.77
2026-03-25,4.5,3.0,1658.19
2026-03-26,4.5,3.0,1644.63
2026-03-27,4.5,3.0,1672.8
2026-03-30,4.5,3.0,1662.54
2026-03-31,4.5,3.0,1674.49
2026-04-01,4.5,3.0,1702.93
2026-04-02,4.5,3.0,1694.82
2026-04-03,4.5,3.0,1684.04
2026-04-06,4.5,3.0,1674.99
2026-04-07,4.5,3.0,1677.54
2026-04-08,4.5,3.0,1756.55
2026-04-09,4.5,3.0,1736.68
2026-04-10,4.5,3.0,1750.0
2026-04-13,4.5,3.0,1758.96
2026-04-14,4.5,3.0,1775.65
2026-04-15,4.5,3.0,1800.65
2026-04-16,4.5,3.0,1819.83
2026-04-17,4.5,3.0,1817.17
2026-04-20,4.5,3.0,1837.11
2026-04-21,4.5,3.0,1833.48
2026-04-22,4.5,3.0,1857.3
2026-04-23,4.5,3.0,1870.36
2026-04-24,4.5,3.0,1853.29
2026-04-28,4.5,3.0,1875.84
2026-04-29,4.5,3.0,1854.1
2026-05-04,4.5,3.0,1854.06
2026-05-05,4.5,3.0,1874.85
2026-05-06,4.5,3.0,1891.2
2026-05-07,4.5,3.0,1909.01
2026-05-08,4.5,3.0,1915.37
2026-05-11,4.5,3.0,1895.5
2026-05-12,4.5,3.0,1901.1
2026-05-13,4.5,3.0,1898.37
2026-05-14,4.5,3.0,1925.46
2026-05-15,4.5,3.0,1921.6
2026-05-18,4.5,3.0,1927.94
2026-05-19,4.5,3.0,1912.93
2026-05-20,4.5,3.0,1913.23
2026-05-21,4.5,3.0,1896.89
2026-05-22,4.5,3.0,1877.13
2026-05-25,4.5,3.0,1886.03
2026-05-26,4.5,3.0,1884.18
2026-05-27,4.5,3.0,1874.43
2026-05-28,4.5,3.0,1863.67
2026-05-29,4.5,3.0,1863.49
2026-06-01,4.5,3.0,1844.54
2026-06-02,4.5,3.0,1826.47
2026-06-03,4.5,3.0,1819.01
2026-06-04,4.5,3.0,1831.55
2026-06-05,4.5,3.0,1838.9
2026-06-08,4.5,3.0,1790.53
2026-06-09,4.5,3.0,1793.05
2026-06-10,4.5,3.0,1803.71
2026-06-11,4.5,3.0,1798.61
2026-06-12,4.5,3.0,1791.65
2026-06-15,4.5,3.0,1799.31
2026-06-16,4.5,3.0,1807.94
2026-06-17,4.5,3.0,1806.2
2026-06-18,4.5,3.0,1830.47
2026-06-19,4.5,3.0,1824.53
2026-06-22,4.5,3.0,1857.91
2026-06-23,4.5,3.0,1869.04
2026-06-24,4.5,3.0,1878.02
2026-06-25,4.5,3.0,1863.07
2026-06-26,4.5,3.0,1871.91
2026-06-29,4.5,3.0,1854.97
2026-06-30,4.5,3.0,1860.01
2026-07-01,4.5,3.0,1867.21
2026-07-02,4.5,3.0,1866.35
2026-07-03,4.5,3.0,1862.08
2026-07-06,4.5,3.0,1843.5
2026-07-07,4.5,3.0,1848.25
2026-07-08,4.5,3.0,1853.7
2026-07-09,4.5,3.0,1840.7
2026-07-10,4.5,3.0,1828.34
2026-07-13,4.5,3.0,1800.54
2026-07-14,4.5,3.0,1806.63
2026-07-15,4.5,3.0,1782.12
2026-07-16,4.5,3.0,1804.24
2026-07-17,4.5,3.0,1787.45
2026-07-20,4.5,3.0,1743.51
2026-07-21,4.5,3.0,1730.56
2026-07-22,4.5,3.0,1668.53
2026-07-23,4.5,3.0,1699.38
2026-07-24,4.5,3.0,1686.11
2026-07-27,4.5,3.0,1669.01
2026-07-28,4.5,3.0,1680.62
2026-07-29,4.5,3.0,1704.68
2026-07-30,4.5,3.0,1744.66
2026-07-31,4.5,3.0,1735.78
2026-08-03,4.5,3.0,1762.84
2026-08-04,4.5,3.0,1777.23
2026-08-05,4.5,3.0,1776.46
2026-08-06,4.5,3.0,1764.78
2026-08-07,4.5,3.0,1768.06
2026-08-10,4.5,3.0,1776.77
2026-08-11,4.5,3.0,1773.41
2026-08-12,4.5,3.0,1793.18
2026-08-13,4.5,3.0,1765.63
2026-08-14,4.5,3.0,1729.08
2026-08-17,4.5,3.0,1727.46
2026-08-18,4.5,3.0,1732.02
2026-08-19,4.5,3.0,1726.69
2026-08-20,4.5,3.0,1734.24
